,Nominal comp. (wt%),,,,,,,,,,,,,,,,,,,,,,,,Ave. Erp,Test Temp,Test Solution,[Cl-],pH,Test Method,Scan Rate,Heat treatment,Microstructures,Comments,Material class,Reference,,
No.,Fe,Cr,Ni,Mo,W,N,Nb,C,Si,Mn,Cu,P,S,Al,V,Ta,Re,Ce,Ti,Co,B,Mg,Y,Gd,VSCE,oC,,M,pH,,mV/s,,,,,,,
1,80.69,18.00,0.00,0.00,0.00,0.00,0.00,0.01,0.29,1.00,NA,NA,NA,0.00,0.00,0.00,0.00,0.00,0.00,0.00,0.00,0.00,0.00,0.00,-504.03,60.00,"3.5% NaCl, Argon dearated",0.60,7.00,"Specimens were polarized in the noble direction with 10 mV/min steps and held for 1 h at the potential at which the polarizing current was > 100 mA. Specimens then were polarized in the active direction with 10 mV/min steps until the polarizing current decreased to 10 mA. Under 10 mA, the steps were decreased to 10 mV/h. ",0.17,"These steels were produced from 50 kg vacuummelted ingots and rolled to sheets 1 mm to 1.5 mm thick, with intermediate annealing and pickling. ",NA,All specimens for crevice corrosion tests were polished to a 320-grit finish and degreased with acetone. ,Fe Alloy,48,,
2,78.26,18.40,0.00,1.96,0.00,0.01,0.00,0.01,0.28,1.08,NA,NA,NA,0.00,0.00,0.00,0.00,0.00,0.00,0.00,0.00,0.00,0.00,0.00,-403.47,60.00,"3.5% NaCl, Argon dearated",0.60,7.00,"Specimens were polarized in the noble direction with 10 mV/min steps and held for 1 h at the potential at which the polarizing current was > 100 mA. Specimens then were polarized in the active direction with 10 mV/min steps until the polarizing current decreased to 10 mA. Under 10 mA, the steps were decreased to 10 mV/h. ",0.17,"These steels were produced from 50 kg vacuummelted ingots and rolled to sheets 1 mm to 1.5 mm thick, with intermediate annealing and pickling. ",NA,All specimens for crevice corrosion tests were polished to a 320-grit finish and degreased with acetone. ,Fe Alloy,48,,
3,76.45,22.20,0.01,0.03,0.00,0.00,0.00,0.01,0.31,0.99,NA,NA,NA,0.00,0.00,0.00,0.00,0.00,0.00,0.00,0.00,0.00,0.00,0.00,-478.89,60.00,"3.5% NaCl, Argon dearated",0.60,7.00,"Specimens were polarized in the noble direction with 10 mV/min steps and held for 1 h at the potential at which the polarizing current was > 100 mA. Specimens then were polarized in the active direction with 10 mV/min steps until the polarizing current decreased to 10 mA. Under 10 mA, the steps were decreased to 10 mV/h. ",0.17,"These steels were produced from 50 kg vacuummelted ingots and rolled to sheets 1 mm to 1.5 mm thick, with intermediate annealing and pickling. ",NA,All specimens for crevice corrosion tests were polished to a 320-grit finish and degreased with acetone. ,Fe Alloy,48,,
4,74.38,22.40,0.00,1.91,0.00,0.00,0.00,0.01,0.30,0.99,NA,NA,NA,0.00,0.00,0.00,0.00,0.00,0.00,0.00,0.00,0.00,0.00,0.00,-382.06,60.00,"3.5% NaCl, Argon dearated",0.60,7.00,"Specimens were polarized in the noble direction with 10 mV/min steps and held for 1 h at the potential at which the polarizing current was > 100 mA. Specimens then were polarized in the active direction with 10 mV/min steps until the polarizing current decreased to 10 mA. Under 10 mA, the steps were decreased to 10 mV/h. ",0.17,"These steels were produced from 50 kg vacuummelted ingots and rolled to sheets 1 mm to 1.5 mm thick, with intermediate annealing and pickling. ",NA,All specimens for crevice corrosion tests were polished to a 320-grit finish and degreased with acetone. ,Fe Alloy,48,,
5,72.14,26.50,0.00,0.04,0.00,0.00,0.00,0.01,0.30,1.00,NA,NA,NA,0.00,0.00,0.00,0.00,0.00,0.00,0.00,0.00,0.00,0.00,0.00,-465.86,60.00,"3.5% NaCl, Argon dearated",0.60,7.00,"Specimens were polarized in the noble direction with 10 mV/min steps and held for 1 h at the potential at which the polarizing current was > 100 mA. Specimens then were polarized in the active direction with 10 mV/min steps until the polarizing current decreased to 10 mA. Under 10 mA, the steps were decreased to 10 mV/h. ",0.17,"These steels were produced from 50 kg vacuummelted ingots and rolled to sheets 1 mm to 1.5 mm thick, with intermediate annealing and pickling. ",NA,All specimens for crevice corrosion tests were polished to a 320-grit finish and degreased with acetone. ,Fe Alloy,48,,
6,69.90,26.90,0.00,1.91,0.00,0.00,0.00,0.01,0.30,0.97,NA,NA,NA,0.00,0.00,0.00,0.00,0.00,0.00,0.00,0.00,0.00,0.00,0.00,-394.16,60.00,"3.5% NaCl, Argon dearated",0.60,7.00,"Specimens were polarized in the noble direction with 10 mV/min steps and held for 1 h at the potential at which the polarizing current was > 100 mA. Specimens then were polarized in the active direction with 10 mV/min steps until the polarizing current decreased to 10 mA. Under 10 mA, the steps were decreased to 10 mV/h. ",0.17,"These steels were produced from 50 kg vacuummelted ingots and rolled to sheets 1 mm to 1.5 mm thick, with intermediate annealing and pickling. ",NA,All specimens for crevice corrosion tests were polished to a 320-grit finish and degreased with acetone. ,Fe Alloy,48,,
7,68.05,26.70,0.01,3.99,0.00,0.01,0.00,0.01,0.26,0.98,NA,NA,NA,0.00,0.00,0.00,0.00,0.00,0.00,0.00,0.00,0.00,0.00,0.00,-332.71,60.00,"3.5% NaCl, Argon dearated",0.60,7.00,"Specimens were polarized in the noble direction with 10 mV/min steps and held for 1 h at the potential at which the polarizing current was > 100 mA. Specimens then were polarized in the active direction with 10 mV/min steps until the polarizing current decreased to 10 mA. Under 10 mA, the steps were decreased to 10 mV/h. ",0.17,"These steels were produced from 50 kg vacuummelted ingots and rolled to sheets 1 mm to 1.5 mm thick, with intermediate annealing and pickling. ",NA,All specimens for crevice corrosion tests were polished to a 320-grit finish and degreased with acetone. ,Fe Alloy,48,,
8,67.47,18.60,12.60,0.03,0.00,0.00,0.00,0.01,0.29,1.00,NA,NA,NA,0.00,0.00,0.00,0.00,0.00,0.00,0.00,0.00,0.00,0.00,0.00,-323.40,60.00,"3.5% NaCl, Argon dearated",0.60,7.00,"Specimens were polarized in the noble direction with 10 mV/min steps and held for 1 h at the potential at which the polarizing current was > 100 mA. Specimens then were polarized in the active direction with 10 mV/min steps until the polarizing current decreased to 10 mA. Under 10 mA, the steps were decreased to 10 mV/h. ",0.17,"These steels were produced from 50 kg vacuummelted ingots and rolled to sheets 1 mm to 1.5 mm thick, with intermediate annealing and pickling. ",NA,All specimens for crevice corrosion tests were polished to a 320-grit finish and degreased with acetone. ,Fe Alloy,48,,
9,63.04,18.50,15.30,1.91,0.00,0.00,0.00,0.01,0.24,1.00,NA,NA,NA,0.00,0.00,0.00,0.00,0.00,0.00,0.00,0.00,0.00,0.00,0.00,-258.22,60.00,"3.5% NaCl, Argon dearated",0.60,7.00,"Specimens were polarized in the noble direction with 10 mV/min steps and held for 1 h at the potential at which the polarizing current was > 100 mA. Specimens then were polarized in the active direction with 10 mV/min steps until the polarizing current decreased to 10 mA. Under 10 mA, the steps were decreased to 10 mV/h. ",0.17,"These steels were produced from 50 kg vacuummelted ingots and rolled to sheets 1 mm to 1.5 mm thick, with intermediate annealing and pickling. ",NA,All specimens for crevice corrosion tests were polished to a 320-grit finish and degreased with acetone. ,Fe Alloy,48,,
10,58.20,22.90,17.60,0.02,0.00,0.00,0.00,0.01,0.31,0.96,NA,NA,NA,0.00,0.00,0.00,0.00,0.00,0.00,0.00,0.00,0.00,0.00,0.00,-230.29,60.00,"3.5% NaCl, Argon dearated",0.60,7.00,"Specimens were polarized in the noble direction with 10 mV/min steps and held for 1 h at the potential at which the polarizing current was > 100 mA. Specimens then were polarized in the active direction with 10 mV/min steps until the polarizing current decreased to 10 mA. Under 10 mA, the steps were decreased to 10 mV/h. ",0.17,"These steels were produced from 50 kg vacuummelted ingots and rolled to sheets 1 mm to 1.5 mm thick, with intermediate annealing and pickling. ",NA,All specimens for crevice corrosion tests were polished to a 320-grit finish and degreased with acetone. ,Fe Alloy,48,,
11,53.48,22.60,20.80,1.85,0.00,0.00,0.00,0.01,0.27,0.99,NA,NA,NA,0.00,0.00,0.00,0.00,0.00,0.00,0.00,0.00,0.00,0.00,0.00,-224.70,60.00,"3.5% NaCl, Argon dearated",0.60,7.00,"Specimens were polarized in the noble direction with 10 mV/min steps and held for 1 h at the potential at which the polarizing current was > 100 mA. Specimens then were polarized in the active direction with 10 mV/min steps until the polarizing current decreased to 10 mA. Under 10 mA, the steps were decreased to 10 mV/h. ",0.17,"These steels were produced from 50 kg vacuummelted ingots and rolled to sheets 1 mm to 1.5 mm thick, with intermediate annealing and pickling. ",NA,All specimens for crevice corrosion tests were polished to a 320-grit finish and degreased with acetone. ,Fe Alloy,48,,
12,48.44,26.20,24.00,0.08,0.00,0.00,0.00,0.01,0.29,0.98,NA,NA,NA,0.00,0.00,0.00,0.00,0.00,0.00,0.00,0.00,0.00,0.00,0.00,-252.64,60.00,"3.5% NaCl, Argon dearated",0.60,7.00,"Specimens were polarized in the noble direction with 10 mV/min steps and held for 1 h at the potential at which the polarizing current was > 100 mA. Specimens then were polarized in the active direction with 10 mV/min steps until the polarizing current decreased to 10 mA. Under 10 mA, the steps were decreased to 10 mV/h. ",0.17,"These steels were produced from 50 kg vacuummelted ingots and rolled to sheets 1 mm to 1.5 mm thick, with intermediate annealing and pickling. ",NA,All specimens for crevice corrosion tests were polished to a 320-grit finish and degreased with acetone. ,Fe Alloy,48,,
13,43.40,26.50,26.90,1.87,0.00,0.00,0.00,0.01,0.31,1.01,NA,NA,NA,0.00,0.00,0.00,0.00,0.00,0.00,0.00,0.00,0.00,0.00,0.00,-223.77,60.00,"3.5% NaCl, Argon dearated",0.60,7.00,"Specimens were polarized in the noble direction with 10 mV/min steps and held for 1 h at the potential at which the polarizing current was > 100 mA. Specimens then were polarized in the active direction with 10 mV/min steps until the polarizing current decreased to 10 mA. Under 10 mA, the steps were decreased to 10 mV/h. ",0.17,"These steels were produced from 50 kg vacuummelted ingots and rolled to sheets 1 mm to 1.5 mm thick, with intermediate annealing and pickling. ",NA,All specimens for crevice corrosion tests were polished to a 320-grit finish and degreased with acetone. ,Fe Alloy,48,,
14,39.83,26.30,28.80,3.82,0.00,0.00,0.00,0.01,0.24,1.00,NA,NA,NA,0.00,0.00,0.00,0.00,0.00,0.00,0.00,0.00,0.00,0.00,0.00,-181.87,60.00,"3.5% NaCl, Argon dearated",0.60,7.00,"Specimens were polarized in the noble direction with 10 mV/min steps and held for 1 h at the potential at which the polarizing current was > 100 mA. Specimens then were polarized in the active direction with 10 mV/min steps until the polarizing current decreased to 10 mA. Under 10 mA, the steps were decreased to 10 mV/h. ",0.17,"These steels were produced from 50 kg vacuummelted ingots and rolled to sheets 1 mm to 1.5 mm thick, with intermediate annealing and pickling. ",NA,All specimens for crevice corrosion tests were polished to a 320-grit finish and degreased with acetone. ,Fe Alloy,48,,
15,79.28,17.88,0.00,2.10,0.00,0.01,0.22,0.01,0.24,0.26,NA,0.00,0.00,0.00,0.00,0.00,0.00,0.00,0.00,0.00,0.00,0.00,0.00,0.00,196.00,30.00,"3.5% NaCl, Argon dearated",0.60,7.00,"Specimens were polished to 600 grit for cyclic polarization. The specimens were polarized initially from –20 mV with respect to the corrosion potential (Ecorr) to a maximum potential of 0.8 VSCE. The reverse polarization sweep was triggered at 0.5 x 10–3 A/cm2. The final potential was set to Ecorr with a sweep rate of 20 mV/min. The electrochemical vessels were deaerated systematically for 60 min prior to polarization. On the occasions when crevice corrosion occurred, the associated results were rejected, and no further reference is made to them in this work.",0.33,"Samples were manufactured in 30-kg ingots, which subsequently were surface ground and hot-rolled to 6 mm. After annealing at 1,100°C, the metal was cold-rolled to 2-mm thickness and subsequently annealed at 1,050°C. ",NA,NA,Fe Alloy,52,,
16,80.05,19.22,0.00,0.00,0.00,0.01,0.22,0.01,0.24,0.25,NA,0.00,0.00,0.00,0.00,0.00,0.00,0.00,0.00,0.00,0.00,0.00,0.00,0.00,-128.00,30.00,"3.5% NaCl, Argon dearated",0.60,7.00,"Specimens were polished to 600 grit for cyclic polarization. The specimens were polarized initially from –20 mV with respect to the corrosion potential (Ecorr) to a maximum potential of 0.8 VSCE. The reverse polarization sweep was triggered at 0.5 x 10–3 A/cm2. The final potential was set to Ecorr with a sweep rate of 20 mV/min. The electrochemical vessels were deaerated systematically for 60 min prior to polarization. On the occasions when crevice corrosion occurred, the associated results were rejected, and no further reference is made to them in this work.",0.33,"Samples were manufactured in 30-kg ingots, which subsequently were surfaceground and hot-rolled to 6 mm. After annealing at 1,100°C, the metal was cold-rolled to 2-mm thickness and subsequently annealed at 1,050°C.",NA,NA,Fe Alloy,52,,
17,79.37,18.90,0.00,0.97,0.00,0.01,0.23,0.01,0.25,0.26,NA,0.00,0.00,0.00,0.00,0.00,0.00,0.00,0.00,0.00,0.00,0.00,0.00,0.00,253.00,30.00,"3.5% NaCl, Argon dearated",0.60,7.00,"Specimens were polished to 600 grit for cyclic polarization. The specimens were polarized initially from –20 mV with respect to the corrosion potential (Ecorr) to a maximum potential of 0.8 VSCE. The reverse polarization sweep was triggered at 0.5 x 10–3 A/cm2. The final potential was set to Ecorr with a sweep rate of 20 mV/min. The electrochemical vessels were deaerated systematically for 60 min prior to polarization. On the occasions when crevice corrosion occurred, the associated results were rejected, and no further reference is made to them in this work.",0.33,"Samples were manufactured in 30-kg ingots, which subsequently were surfaceground and hot-rolled to 6 mm. After annealing at 1,100°C, the metal was cold-rolled to 2-mm thickness and subsequently annealed at 1,050°C.",NA,NA,Fe Alloy,52,,
18,77.29,18.92,0.00,3.07,0.00,0.01,0.22,0.01,0.22,0.26,NA,0.00,0.00,0.00,0.00,0.00,0.00,0.00,0.00,0.00,0.00,0.00,0.00,0.00,113.00,30.00,"3.5% NaCl, Argon dearated",0.60,7.00,"Specimens were polished to 600 grit for cyclic polarization. The specimens were polarized initially from –20 mV with respect to the corrosion potential (Ecorr) to a maximum potential of 0.8 VSCE. The reverse polarization sweep was triggered at 0.5 x 10–3 A/cm2. The final potential was set to Ecorr with a sweep rate of 20 mV/min. The electrochemical vessels were deaerated systematically for 60 min prior to polarization. On the occasions when crevice corrosion occurred, the associated results were rejected, and no further reference is made to them in this work.",0.33,"Samples were manufactured in 30-kg ingots, which subsequently were surfaceground and hot-rolled to 6 mm. After annealing at 1,100°C, the metal was cold-rolled to 2-mm thickness and subsequently annealed at 1,050°C.",NA,NA,Fe Alloy,52,,
19,76.28,21.96,0.00,0.99,0.00,0.01,0.23,0.01,0.26,0.26,NA,0.00,0.00,0.00,0.00,0.00,0.00,0.00,0.00,0.00,0.00,0.00,0.00,0.00,222.00,30.00,"3.5% NaCl, Argon dearated",0.60,7.00,"Specimens were polished to 600 grit for cyclic polarization. The specimens were polarized initially from –20 mV with respect to the corrosion potential (Ecorr) to a maximum potential of 0.8 VSCE. The reverse polarization sweep was triggered at 0.5 x 10–3 A/cm2. The final potential was set to Ecorr with a sweep rate of 20 mV/min. The electrochemical vessels were deaerated systematically for 60 min prior to polarization. On the occasions when crevice corrosion occurred, the associated results were rejected, and no further reference is made to them in this work.",0.33,"Samples were manufactured in 30-kg ingots, which subsequently were surfaceground and hot-rolled to 6 mm. After annealing at 1,100°C, the metal was cold-rolled to 2-mm thickness and subsequently annealed at 1,050°C.",NA,NA,Fe Alloy,52,,
20,75.16,24.05,0.00,0.00,0.00,0.01,0.24,0.01,0.26,0.26,NA,0.00,0.00,0.00,0.00,0.00,0.00,0.00,0.00,0.00,0.00,0.00,0.00,0.00,225.00,30.00,"3.5% NaCl, Argon dearated",0.60,7.00,"Specimens were polished to 600 grit for cyclic polarization. The specimens were polarized initially from –20 mV with respect to the corrosion potential (Ecorr) to a maximum potential of 0.8 VSCE. The reverse polarization sweep was triggered at 0.5 x 10–3 A/cm2. The final potential was set to Ecorr with a sweep rate of 20 mV/min. The electrochemical vessels were deaerated systematically for 60 min prior to polarization. On the occasions when crevice corrosion occurred, the associated results were rejected, and no further reference is made to them in this work.",0.33,"Samples were manufactured in 30-kg ingots, which subsequently were surfaceground and hot-rolled to 6 mm. After annealing at 1,100°C, the metal was cold-rolled to 2-mm thickness and subsequently annealed at 1,050°C.",NA,NA,Fe Alloy,52,,
21,78.17,19.03,0.00,2.03,0.00,0.01,0.23,0.00,0.26,0.26,NA,0.00,0.00,0.00,0.00,0.00,0.00,0.00,0.00,0.00,0.00,0.00,0.00,0.00,196.00,30.00,"3.5% NaCl, Argon dearated",0.60,7.00,"Specimens were polished to 600 grit for cyclic polarization. The specimens were polarized initially from –20 mV with respect to the corrosion potential (Ecorr) to a maximum potential of 0.8 VSCE. The reverse polarization sweep was triggered at 0.5 x 10–3 A/cm2. The final potential was set to Ecorr with a sweep rate of 20 mV/min. The electrochemical vessels were deaerated systematically for 60 min prior to polarization. On the occasions when crevice corrosion occurred, the associated results were rejected, and no further reference is made to them in this work.",0.33,"Samples were manufactured in 30-kg ingots, which subsequently were surfaceground and hot-rolled to 6 mm. After annealing at 1,100°C, the metal was cold-rolled to 2-mm thickness and subsequently annealed at 1,050°C.",NA,NA,Fe Alloy,52,,
22,78.14,19.03,0.00,2.04,0.00,0.01,0.24,0.01,0.26,0.27,NA,0.00,0.00,0.00,0.00,0.00,0.00,0.00,0.00,0.00,0.00,0.00,0.00,0.00,67.00,30.00,"3.5% NaCl, Argon dearated",0.60,7.00,"Specimens were polished to 600 grit for cyclic polarization. The specimens were polarized initially from –20 mV with respect to the corrosion potential (Ecorr) to a maximum potential of 0.8 VSCE. The reverse polarization sweep was triggered at 0.5 x 10–3 A/cm2. The final potential was set to Ecorr with a sweep rate of 20 mV/min. The electrochemical vessels were deaerated systematically for 60 min prior to polarization. On the occasions when crevice corrosion occurred, the associated results were rejected, and no further reference is made to them in this work.",0.33,"Samples were manufactured in 30-kg ingots, which subsequently were surfaceground and hot-rolled to 6 mm. After annealing at 1,100°C, the metal was cold-rolled to 2-mm thickness and subsequently annealed at 1,050°C.",NA,NA,Fe Alloy,52,,
23,71.10,17.30,8.83,0.02,0.00,0.04,0.00,0.06,1.01,1.53,0.09,0.01,0.01,0.01,0.00,0.00,0.00,0.00,0.00,0.00,0.00,0.00,0.00,0.00,-30.00,25.00,3.5% NaCl,0.60,7.00,"Before polarization, the mounted electrodes were painted at the Teflon/steel interface with an alkyd varnish to avoid interference from crevice corrosion. Potentiodynamic polarization was performed at a rate of 1.5V per hour.",0.03,"Experimental alloys were made in a 500 Ib (227 kg) vacuum furnace. The ingots were hot rolled down to a 0.5-in. thick (1.27-cm) plate and then cold rolled to a 0.25-in.-thick (0.64-cm)plate. The cold-rolled plate was solution annealed at 2000 F
(1092 C) for 60 min and quenched in flowing water.",NA,"Each specimen was polished to a 600 grit SiC finish. Specimens were then degreased in an ultrasonic cleaner, pickled in 25 vol% HNO 3/4 vol% HF at 140 F (60 C) for 5 min, washed in distilled water (7.6 megohm-cm at 25 C), and hot air dried.",Fe Alloy,72,,
24,70.36,17.10,8.87,0.02,0.00,0.04,0.00,0.05,1.95,1.49,0.09,0.01,0.02,0.01,0.00,0.00,0.00,0.00,0.00,0.00,0.00,0.00,0.00,0.00,-10.00,25.00,3.5% NaCl,0.60,7.00,"Before polarization, the mounted electrodes were painted at the Teflon/steel interface with an alkyd varnish to avoid interference from crevice corrosion. Potentiodynamic polarization was performed at a rate of 1.5V per hour.",0.03,"Experimental alloys were made in a 500 Ib (227 kg) vacuum furnace. The ingots were hot rolled down to a 0.5-in. thick (1.27-cm) plate and then cold rolled to a 0.25-in.-thick (0.64-cm)plate. The cold-rolled plate was solution annealed at 2000 F
(1092 C) for 60 min and quenched in flowing water.",NA,"Each specimen was polished to a 600 grit SiC finish. Specimens were then degreased in an ultrasonic cleaner, pickled in 25 vol% HNO 3/4 vol% HF at 140 F (60 C) for 5 min, washed in distilled water (7.6 megohm-cm at 25 C), and hot air dried.",Fe Alloy,72,,
25,69.28,17.20,8.94,0.02,0.00,0.04,0.00,0.06,2.85,1.49,0.09,0.01,0.01,0.02,0.00,0.00,0.00,0.00,0.00,0.00,0.00,0.00,0.00,0.00,100.00,25.00,3.5% NaCl,0.60,7.00,"Before polarization, the mounted electrodes were painted at the Teflon/steel interface with an alkyd varnish to avoid interference from crevice corrosion. Potentiodynamic polarization was performed at a rate of 1.5V per hour.",0.03,"Experimental alloys were made in a 500 Ib (227 kg) vacuum furnace. The ingots were hot rolled down to a 0.5-in. thick (1.27-cm) plate and then cold rolled to a 0.25-in.-thick (0.64-cm)plate. The cold-rolled plate was solution annealed at 2000 F
(1092 C) for 60 min and quenched in flowing water.",NA,"Each specimen was polished to a 600 grit SiC finish. Specimens were then degreased in an ultrasonic cleaner, pickled in 25 vol% HNO 3/4 vol% HF at 140 F (60 C) for 5 min, washed in distilled water (7.6 megohm-cm at 25 C), and hot air dried.",Fe Alloy,72,,
26,67.75,17.00,9.07,0.02,0.00,0.03,0.00,0.06,4.45,1.49,0.09,0.01,0.01,0.02,0.00,0.00,0.00,0.00,0.00,0.00,0.00,0.00,0.00,0.00,30.00,25.00,3.5% NaCl,0.60,7.00,"Before polarization, the mounted electrodes were painted at the Teflon/steel interface with an alkyd varnish to avoid interference from crevice corrosion. Potentiodynamic polarization was performed at a rate of 1.5V per hour.",0.03,"Experimental alloys were made in a 500 Ib (227 kg) vacuum furnace. The ingots were hot rolled down to a 0.5-in. thick (1.27-cm) plate and then cold rolled to a 0.25-in.-thick (0.64-cm)plate. The cold-rolled plate was solution annealed at 2000 F
(1092 C) for 60 min and quenched in flowing water.",NA,"Each specimen was polished to a 600 grit SiC finish. Specimens were then degreased in an ultrasonic cleaner, pickled in 25 vol% HNO 3/4 vol% HF at 140 F (60 C) for 5 min, washed in distilled water (7.6 megohm-cm at 25 C), and hot air dried.",Fe Alloy,72,,
27,70.66,18.45,9.81,0.00,0.00,0.00,0.00,0.08,0.41,0.47,0.00,0.03,0.01,0.08,0.00,0.00,0.00,0.00,0.00,0.00,0.00,0.00,0.00,0.00,-110.00,25.00,3.5% NaCl,0.60,7.00,"Before polarization, the mounted electrodes were painted at the Teflon/steel interface with an alkyd varnish to avoid interference from crevice corrosion. Potentiodynamic polarization was performed at a rate of 1.5V per hour.",0.03,"Experimental alloys were made in a 500 Ib (227 kg) vacuum furnace. The ingots were hot rolled down to a 0.5-in. thick (1.27-cm) plate and then cold rolled to a 0.25-in.-thick (0.64-cm)plate. The cold-rolled plate was solution annealed at 2000 F
(1092 C) for 60 min and quenched in flowing water.",NA,"Each specimen was polished to a 600 grit SiC finish. Specimens were then degreased in an ultrasonic cleaner, pickled in 25 vol% HNO 3/4 vol% HF at 140 F (60 C) for 5 min, washed in distilled water (7.6 megohm-cm at 25 C), and hot air dried.",Fe Alloy,72,,
28,71.49,16.62,8.46,0.21,0.00,NA,0.00,0.05,0.56,1.78,0.21,0.03,0.01,0.00,0.00,0.00,0.00,0.00,0.00,0.00,0.00,0.00,0.00,0.00,60.00,80.00,0.0007 M Cl- solution,0.00,7.00,"Cyclic Polarization. The potential was changed in steps of 10 mV every hour for the positive polarization direction until the onset of pitting or appearance of pits, and every 100 s for the reverse scan until zero current.",0.17,NA,NA,"Samples were gradually ground to a 4/0 finish using emery paper and an electrical connection was made. Degreased in acetone first, then in methanol, they were fixed on the base of an appropriate cell and their edges were masked with a silicon-base sealer to prevent crevice corrosion. ",Fe Alloy,36,,
29,47.64,18.50,31.79,0.20,0.00,NA,0.00,0.02,0.39,0.70,0.64,0.00,0.00,0.00,0.00,0.00,0.00,0.00,0.00,0.00,0.00,0.00,0.00,0.00,270.00,80.00,0.0007 M Cl- solution,0.00,7.00,"Cyclic Polarization. The potential was changed in steps of 10 mV every hour for the positive polarization direction until the onset of pitting or appearance of pits, and every 100 s for the reverse scan until zero current.",0.17,NA,NA,"Samples were gradually ground to a 4/0 finish using emery paper and an electrical connection was made. Degreased in acetone first, then in methanol, they were fixed on the base of an appropriate cell and their edges were masked with a silicon-base sealer to prevent crevice corrosion. ",Fe Alloy,36,,
30,9.72,15.50,73.86,0.00,0.00,NA,0.00,0.04,0.26,0.31,0.31,0.00,0.00,0.00,0.00,0.00,0.00,0.00,0.00,0.00,0.00,0.00,0.00,0.00,265.00,80.00,0.0007 M Cl- solution,0.00,7.00,"Cyclic Polarization. The potential was changed in steps of 10 mV every hour for the positive polarization direction until the onset of pitting or appearance of pits, and every 100 s for the reverse scan until zero current.",0.17,NA,NA,"Samples were gradually ground to a 4/0 finish using emery paper and an electrical connection was made. Degreased in acetone first, then in methanol, they were fixed on the base of an appropriate cell and their edges were masked with a silicon-base sealer to prevent crevice corrosion. ",Other,36,,
31,71.49,16.62,8.46,0.21,0.00,NA,0.00,0.05,0.56,1.78,0.21,0.03,0.007,0.00,0.00,0.00,0.00,0.00,0.00,0.00,0.00,0.00,0.00,0.00,-35.00,80.00,0.0007 M NaCl + 0.00008 M Na2S2O3,0.00,7.00,Cyclic Polarization,0.10,,NA,"AISI SS304, as -recieved",Fe Alloy,36,,
32,47.64,18.50,31.79,0.20,0.00,NA,0.00,0.02,0.39,0.70,0.64,NA,0.004,0.00,0.00,0.00,0.00,0.00,0.00,0.00,0.00,0.00,0.00,0.00,5.00,80.00,0.0007 M NaCl + 0.00008 M Na2S2O3,0.00,7.00,Cyclic Polarization,0.10,,NA,"Alloy 800, as-recieved",Fe Alloy,36,,
33,9.72,15.50,73.86,0.00,0.00,NA,0.00,0.04,0.26,0.31,0.31,NA,0.001,0.00,0.00,0.00,0.00,0.00,0.00,0.00,0.00,0.00,0.00,0.00,-35.00,80.00,0.0007 M NaCl + 0.00008 M Na2S2O3,0.00,7.00,Cyclic Polarization,0.10,,NA,"Alloy 600, as-recieved",Other,36,,
34,71.04,17.40,5.47,0.00,0.00,0.06,0.00,0.02,0.27,5.70,NA,0.03,0.01,0.00,0.00,0.00,0.00,0.00,0.00,0.00,0.00,0.00,0.00,0.00,-51.20,25.00,"0.1 N H2SO4, 0.1N NaCl",0.10,1.20,Potentiodynamic Polarization,1.67,Heating 1 hour in air at 1050 oC and water quenched.,NA,The specimens were cut from rods and mounted in epoxy resin so that the exposed surface was about 0.8 cm^2. This surface was coarse-ground with SiC papers and then fine-grounwith alumina paste.,Fe Alloy,66,,
35,68.76,18.60,11.05,0.03,0.00,0.02,0.00,0.02,0.49,1.01,0.00,0.02,0.01,0.00,0.00,0.00,0.00,0.00,0.00,0.00,0.00,0.00,0.00,0.00,210.00,20.00,NaCl,0.60,7.00,,,,,NA,Fe Alloy,53,,
36,68.69,18.40,11.15,0.03,0.00,0.14,0.00,0.02,0.60,0.95,0.00,0.02,0.00,0.00,0.00,0.00,0.00,0.00,0.00,0.00,0.00,0.00,0.00,0.00,195.00,20.00,NaCl,0.60,7.00,,,,,NA,Fe Alloy,53,,
37,63.97,17.35,13.70,2.69,0.00,0.04,0.00,0.02,0.53,1.67,0.00,0.02,0.01,0.00,0.00,0.00,0.00,0.00,0.00,0.00,0.00,0.00,0.00,0.00,406.67,20.00,NaCl,0.60,7.00,,,,,NA,Fe Alloy,53,,
38,64.42,17.35,13.70,2.69,0.00,0.03,0.00,0.03,0.33,1.43,0.00,0.02,0.01,0.00,0.00,0.00,0.00,0.00,0.00,0.00,0.00,0.00,0.00,0.00,456.67,20.00,NaCl,0.60,7.00,,,,,NA,Fe Alloy,53,,
39,64.26,17.12,13.60,2.62,0.00,0.13,0.00,0.03,0.53,1.69,0.00,0.02,0.01,0.00,0.00,0.00,0.00,0.00,0.00,0.00,0.00,0.00,0.00,0.00,456.67,20.00,NaCl,0.60,7.00,,,,,NA,Fe Alloy,53,,
40,71.00,18.70,10.30,0.00,0.00,NA,0.00,NA,NA,NA,NA,NA,0.01,0.00,0.00,0.00,0.00,0.00,0.00,0.00,0.00,0.00,0.00,0.00,-205.00,25.00,1M KCl,1.00,7.00,"To
measure the protection potential, many pits were produced by polarizing at +500 mV for 120 s; then the
potential was swept in the negative direction at 1 mV/s.",1.00,annealed at 1200C for 24hr and water quenched,,"To 
measure the protection potential, many pits were produced by polarizing at +500 mV for 120 s; then the
potential was swept in the negative direction at 1 mV/s.",Fe Alloy,68,,
41,69.70,16.60,11.00,2.70,0.00,NA,0.00,NA,NA,NA,NA,NA,0.01,0.00,0.00,0.00,0.00,0.00,0.00,0.00,0.00,0.00,0.00,0.00,-80.00,25.00,1M KCl,1.00,7.00,"To
measure the protection potential, many pits were produced by polarizing at +500 mV for 120 s; then the
potential was swept in the negative direction at 1 mV/s.",1.00,annealed at 1200C for 24hr and water quenched,,"To measure the protection potential, many pits were produced by polarizing at +500 mV for 120 s; then the
potential was swept in the negative direction at 1 mV/s.",Fe Alloy,68,,
42,70.00,2.00,0.00,0.00,0.00,NA,0.00,NA,NA,NA,NA,NA,NA,28.00,0.00,0.00,0.00,0.00,0.00,0.00,0.00,0.00,0.00,0.00,-494.00,NA,distilled water adjusted to pH 4(6.25 x 10–5 M H2SO4) containing 200 ppm Cl- (5.5 x 10-3 NaCl),0.01,4.00,"Potentiodynamic Polarization - the sample was stabilized in the electrolyte, which was sparged continuously with oxygen (O2), until the potential change was < 1 mV/min. This potential was considered as the OCP. Then, the sample was scanned potentiodynamically at a rate of 600 mV/h to a potential corresponding to a
current density of 10–3 A/cm2 and then scan direction was reversed. The downscan was continued until either the protection potential (Ep) was identified or it was demonstrated that no hysteresis loop was developing.",,"annealing in air for 1 h at 850° C (recrystallization) plus 7 days at 500°C (ordering) followed by cooling in air,which produced the DO3 -ordered structure", the DO3 -ordered structure,"To prevent the initiation of crevice corrosion between the epoxy and specimen, the epoxy-specimen interface was painted with Amercoat 90 epoxy leaving an exposed area of 1 cm2 on the material surface. The painted sample was cured in an oven for 10 h at 70C. Just before introduction into the polarization cell, the exposed metal surface was polished by hand with cloth and a 9-microm diamond paste to remove the air-formed oxide film created during the epoxy curing process. The interface seal was abraded slightly but not damaged.
 Polarization tests were conducted in an aerated electrolyte.",Fe Alloy,67,,
43,68.95,2.00,0.00,1.00,0.00,NA,0.00,NA,NA,NA,NA,NA,NA,28.00,0.00,0.00,0.00,0.00,0.00,0.00,0.05,0.00,0.00,0.00,-214.00,NA,distilled water adjusted to pH 4(6.25 x 10–5 M H2SO4) containing 200 ppm Cl- (5.5 x 10-3 NaCl),0.01,4.00,"Potentiodynamic Polarization - the sample was stabilized in the electrolyte, which was sparged continuously with oxygen (O2), until the potential change was < 1 mV/min. This potential was considered as the OCP. Then, the sample was scanned potentiodynamically at a rate of 600 mV/h to a potential corresponding to a
current density of 10–3 A/cm2 and then scan direction was reversed. The downscan was continued until either the protection potential (Ep) was identified or it was demonstrated that no hysteresis loop was developing.",,"annealing in air for 1 h at 850° C (recrystallization) plus 7 days at 500°C (ordering) followed by cooling in air,which produced the DO3 -ordered structure", the DO3 -ordered structure,"To prevent the initiation of crevice corrosion between the epoxy and specimen, the epoxy-specimen interface was painted with Amercoat 90 epoxy leaving an exposed area of 1 cm2 on the material surface. The painted sample was cured in an oven for 10 h at 70C. Just before introduction into the polarization cell, the exposed metal surface was polished by hand with cloth and a 9-microm diamond paste to remove the air-formed oxide film created during the epoxy curing process. The interface seal was abraded slightly but not damaged.
 Polarization tests were conducted in an aerated electrolyte.",Fe Alloy,67,,
44,67.95,2.00,0.00,2.00,0.00,NA,0.00,NA,NA,NA,NA,NA,NA,28.00,0.00,0.00,0.00,0.00,0.00,0.00,0.05,0.00,0.00,0.00,-94.00,NA,distilled water adjusted to pH 4(6.25 x 10–5 M H2SO4) containing 200 ppm Cl- (5.5 x 10-3 NaCl),0.01,4.00,"Potentiodynamic Polarization - the sample was stabilized in the electrolyte, which was sparged continuously with oxygen (O2), until the potential change was < 1 mV/min. This potential was considered as the OCP. Then, the sample was scanned potentiodynamically at a rate of 600 mV/h to a potential corresponding to a
current density of 10–3 A/cm2 and then scan direction was reversed. The downscan was continued until either the protection potential (Ep) was identified or it was demonstrated that no hysteresis loop was developing.",,"annealing in air for 1 h at 850° C (recrystallization) plus 7 days at 500°C (ordering) followed by cooling in air,which produced the DO3 -ordered structure",the DO3 -ordered structure,"To prevent the initiation of crevice corrosion between the epoxy and specimen, the epoxy-specimen interface was painted with Amercoat 90 epoxy leaving an exposed area of 1 cm2 on the material surface. The painted sample was cured in an oven for 10 h at 70C. Just before introduction into the polarization cell, the exposed metal surface was polished by hand with cloth and a 9-microm diamond paste to remove the air-formed oxide film created during the epoxy curing process. The interface seal was abraded slightly but not damaged.
 Polarization tests were conducted in an aerated electrolyte.",Fe Alloy,67,,
45,67.50,4.00,0.00,0.50,0.00,NA,0.00,NA,NA,NA,NA,NA,NA,28.00,0.00,0.00,0.00,0.00,0.00,0.00,0.00,0.00,0.00,0.00,-394.00,NA,distilled water adjusted to pH 4(6.25 x 10–5 M H2SO4) containing 200 ppm Cl- (5.5 x 10-3 NaCl),0.01,4.00,"Potentiodynamic Polarization - the sample was stabilized in the electrolyte, which was sparged continuously with oxygen (O2), until the potential change was < 1 mV/min. This potential was considered as the OCP. Then, the sample was scanned potentiodynamically at a rate of 600 mV/h to a potential corresponding to a
current density of 10–3 A/cm2 and then scan direction was reversed. The downscan was continued until either the protection potential (Ep) was identified or it was demonstrated that no hysteresis loop was developing.",,"annealing in air for 1 h at 850° C (recrystallization) plus 7 days at 500°C (ordering) followed by cooling in air,which produced the DO3 -ordered structure",the DO3 -ordered structure,"To prevent the initiation of crevice corrosion between the epoxy and specimen, the epoxy-specimen interface was painted with Amercoat 90 epoxy leaving an exposed area of 1 cm2 on the material surface. The painted sample was cured in an oven for 10 h at 70C. Just before introduction into the polarization cell, the exposed metal surface was polished by hand with cloth and a 9-microm diamond paste to remove the air-formed oxide film created during the epoxy curing process. The interface seal was abraded slightly but not damaged.
 Polarization tests were conducted in an aerated electrolyte.",Fe Alloy,67,,
46,67.00,4.00,0.00,1.00,0.00,NA,0.00,NA,NA,NA,NA,NA,NA,28.00,0.00,0.00,0.00,0.00,0.00,0.00,0.00,0.00,0.00,0.00,-224.00,NA,distilled water adjusted to pH 4(6.25 x 10–5 M H2SO4) containing 200 ppm Cl- (5.5 x 10-3 NaCl),0.01,4.00,"Potentiodynamic Polarization - the sample was stabilized in the electrolyte, which was sparged continuously with oxygen (O2), until the potential change was < 1 mV/min. This potential was considered as the OCP. Then, the sample was scanned potentiodynamically at a rate of 600 mV/h to a potential corresponding to a
current density of 10–3 A/cm2 and then scan direction was reversed. The downscan was continued until either the protection potential (Ep) was identified or it was demonstrated that no hysteresis loop was developing.",,"annealing in air for 1 h at 850° C (recrystallization) plus 7 days at 500°C (ordering) followed by cooling in air,which produced the DO3 -ordered structure",the DO3 -ordered structure,"To prevent the initiation of crevice corrosion between the epoxy and specimen, the epoxy-specimen interface was painted with Amercoat 90 epoxy leaving an exposed area of 1 cm2 on the material surface. The painted sample was cured in an oven for 10 h at 70C. Just before introduction into the polarization cell, the exposed metal surface was polished by hand with cloth and a 9-microm diamond paste to remove the air-formed oxide film created during the epoxy curing process. The interface seal was abraded slightly but not damaged.
 Polarization tests were conducted in an aerated electrolyte.",Fe Alloy,67,,
47,66.00,4.00,0.00,2.00,0.00,NA,0.00,NA,NA,NA,NA,NA,NA,28.00,0.00,0.00,0.00,0.00,0.00,0.00,0.00,0.00,0.00,0.00,6.00,NA,distilled water adjusted to pH 4(6.25 x 10–5 M H2SO4) containing 200 ppm Cl- (5.5 x 10-3 NaCl),0.01,4.00,"Potentiodynamic Polarization - the sample was stabilized in the electrolyte, which was sparged continuously with oxygen (O2), until the potential change was < 1 mV/min. This potential was considered as the OCP. Then, the sample was scanned potentiodynamically at a rate of 600 mV/h to a potential corresponding to a
current density of 10–3 A/cm2 and then scan direction was reversed. The downscan was continued until either the protection potential (Ep) was identified or it was demonstrated that no hysteresis loop was developing.",,"annealing in air for 1 h at 850° C (recrystallization) plus 7 days at 500°C (ordering) followed by cooling in air,which produced the DO3 -ordered structure", the DO3 -ordered structure,"To prevent the initiation of crevice corrosion between the epoxy and specimen, the epoxy-specimen interface was painted with Amercoat 90 epoxy leaving an exposed area of 1 cm2 on the material surface. The painted sample was cured in an oven for 10 h at 70C. Just before introduction into the polarization cell, the exposed metal surface was polished by hand with cloth and a 9-microm diamond paste to remove the air-formed oxide film created during the epoxy curing process. The interface seal was abraded slightly but not damaged.
 Polarization tests were conducted in an aerated electrolyte.",Fe Alloy,67,,
48,18.50,17.20,19.40,0.00,0.00,0.00,0.00,NA,NA,NA,21.00,NA,NA,4.50,0.00,0.00,0.00,0.00,0.00,19.50,0.00,0.00,0.00,0.00,49.00,25.00, Deaerated 1N H2SO4,0.000001,0.00,Potentiodynamic Polarization in a three electrode flat cell,1.00,NA,FCC,NA,HEA,18,,
49,18.30,17.10,19.30,0.00,0.00,0.00,0.00,NA,NA,NA,20.90,NA,NA,4.40,0.00,0.00,0.00,0.00,0.00,19.30,0.70,0.00,0.00,0.00,25.00,25.00, Deaerated 1N H2SO4,0.000001,0.00,Potentiodynamic Polarization in a three electrode flat cell,1.00,NA,FCC and Fe and Cr borides,NA,HEA,18,,
50,18.10,16.80,19.00,0.00,0.00,0.00,0.00,NA,NA,NA,20.60,NA,NA,4.40,0.00,0.00,0.00,0.00,0.00,19.10,2.10,0.00,0.00,0.00,-156.00,25.00, Deaerated 1N H2SO4,0.000001,0.00,Potentiodynamic Polarization in a three electrode flat cell,1.00,NA,FCC and Fe and Cr borides,NA,HEA,18,,
51,17.80,16.60,18.70,0.00,0.00,0.00,0.00,NA,NA,NA,20.30,NA,NA,4.30,0.00,0.00,0.00,0.00,0.00,18.80,3.50,0.00,0.00,0.00,-344.00,25.00, Deaerated 1N H2SO4,0.000001,0.00,Potentiodynamic Polarization in a three electrode flat cell,1.00,NA,FCC and Fe and Cr borides,NA,HEA,18,,
52,18.12,16.87,28.56,0.00,0.00,0.00,0.00,NA,NA,NA,NA,NA,NA,0.00,0.00,0.00,0.00,0.00,7.77,28.68,0.00,0.00,0.00,0.00,-208.50,25.00,Dearated 1M NaCl,1.00,7.00,"Potentiodynamic Polarization in a the electrode flat cell, prior to sweep help at OCP for 5 mins then cathodically polarized for 5mins to remove surface films",1.00,NA,FCC,NA,HEA,24,,
53,17.57,16.36,27.70,3.02,0.00,0.00,0.00,NA,NA,NA,NA,NA,NA,0.00,0.00,0.00,0.00,0.00,7.53,27.81,0.00,0.00,0.00,0.00,520.00,25.00,Dearated 1M NaCl,1.00,7.00,"Potentiodynamic Polarization in a the electrode flat cell, prior to sweep help at OCP for 5 mins then cathodically polarized for 5mins to remove surface films",1.00,NA,FCC,NA,HEA,24,,
54,15.68,14.60,24.72,13.47,0.00,0.00,0.00,NA,NA,NA,NA,NA,NA,0.00,0.00,0.00,0.00,0.00,6.72,24.82,0.00,0.00,0.00,0.00,514.00,25.00,Dearated 1M NaCl,1.00,7.00,"Potentiodynamic Polarization in a the electrode flat cell, prior to sweep help at OCP for 5 mins then cathodically polarized for 5mins to remove surface films",1.00,NA,FCC and Cr and Mo rich Sigma,NA,HEA,24,,
55,14.51,13.51,22.87,19.94,0.00,0.00,0.00,NA,NA,NA,NA,NA,NA,0.00,0.00,0.00,0.00,0.00,6.22,22.96,0.00,0.00,0.00,0.00,235.00,25.00,Dearated 1M NaCl,1.00,7.00,"Potentiodynamic Polarization in a the electrode flat cell, prior to sweep help at OCP for 5 mins then cathodically polarized for 5mins to remove surface films",1.00,NA,FCC and Cr and Mo rich Sigma,NA,HEA,24,,
56,25.00,23.00,26.00,0.00,0.00,0.00,0.00,NA,NA,NA,NA,NA,NA,0.00,0.00,0.00,0.00,0.00,0.00,26.00,0.00,0.00,0.00,0.00,-17.00,25.00,0.1M NaCl,0.10,7.00,"Potentiodynamic Polarization in a three electrode flat cell, prior to anodic sweep OCP measured for 30 mins",1.00,NA,NA,NA,HEA,27,,
57,0.00,13.31,81.45,5.24,0.00,0.00,0.00,NA,NA,NA,NA,NA,NA,0.00,0.00,0.00,0.00,0.00,0.00,0.00,0.00,0.00,0.00,0.00,-33.8,45.00,0.5M NaCl,0.50,7.00,Potentiodynamic Polarization,NA,NA,NA,NA,NiCrMo Alloy,44,,
58,0.00,20.53,74.55,4.92,0.00,0.00,0.00,NA,NA,NA,NA,NA,NA,0.00,0.00,0.00,0.00,0.00,0.00,0.00,0.00,0.00,0.00,0.00,81.67,45.00,0.5M NaCl,0.50,7.00,Potentiodynamic Polarization,NA,NA,NA,NA,NiCrMo Alloy,44,,
59,0.00,16.95,74.64,8.41,0.00,0.00,0.00,NA,NA,NA,NA,NA,NA,0.00,0.00,0.00,0.00,0.00,0.00,0.00,0.00,0.00,0.00,0.00,-3.86,45.00,0.5M NaCl,0.50,7.00,Potentiodynamic Polarization,NA,NA,NA,NA,NiCrMo Alloy,44,,
60,0.00,28.67,65.94,5.38,0.00,0.00,0.00,NA,NA,NA,NA,NA,NA,0.00,0.00,0.00,0.00,0.00,0.00,0.00,0.00,0.00,0.00,0.00,90.68,45.00,0.5M NaCl,0.50,7.00,Potentiodynamic Polarization,NA,NA,NA,NA,NiCrMo Alloy,44,,
61,0.00,16.75,73.56,9.69,0.00,0.00,0.00,NA,NA,NA,NA,NA,NA,0.00,0.00,0.00,0.00,0.00,0.00,0.00,0.00,0.00,0.00,0.00,41.16,45.00,0.5M NaCl,0.50,7.00,Potentiodynamic Polarization,NA,NA,NA,NA,NiCrMo Alloy,44,,
62,0.00,32.02,62.82,5.16,0.00,0.00,0.00,NA,NA,NA,NA,NA,NA,0.00,0.00,0.00,0.00,0.00,0.00,0.00,0.00,0.00,0.00,0.00,-53.4,45.00,0.5M NaCl,0.50,7.00,Potentiodynamic Polarization,NA,NA,NA,NA,NiCrMo Alloy,44,,
63,0.00,26.63,66.5,6.87,0.00,0.00,0.00,NA,NA,NA,NA,NA,NA,0.00,0.00,0.00,0.00,0.00,0.00,0.00,0.00,0.00,0.00,0.00,NA,45.00,0.5M NaCl,0.50,7.00,Potentiodynamic Polarization,NA,NA,NA,NA,NiCrMo Alloy,44,,
64,0.00,13.98,74.36,11.66,0.00,0.00,0.00,NA,NA,NA,NA,NA,NA,0.00,0.00,0.00,0.00,0.00,0.00,0.00,0.00,0.00,0.00,0.00,41.16,45.00,0.5M NaCl,0.50,7.00,Potentiodynamic Polarization,NA,NA,NA,NA,NiCrMo Alloy,44,,
65,0.00,10.53,74.44,15.03,0.00,0.00,0.00,NA,NA,NA,NA,NA,NA,0.00,0.00,0.00,0.00,0.00,0.00,0.00,0.00,0.00,0.00,0.00,-12.86,45.00,0.5M NaCl,0.50,7.00,Potentiodynamic Polarization,NA,NA,NA,NA,NiCrMo Alloy,44,,
66,0.00,13.06,72.04,14.9,0.00,0.00,0.00,NA,NA,NA,NA,NA,NA,0.00,0.00,0.00,0.00,0.00,0.00,0.00,0.00,0.00,0.00,0.00,230.2,45.00,0.5M NaCl,0.50,7.00,Potentiodynamic Polarization,NA,NA,NA,NA,NiCrMo Alloy,44,,
67,0.00,22.59,65.14,12.27,0.00,0.00,0.00,NA,NA,NA,NA,NA,NA,0.00,0.00,0.00,0.00,0.00,0.00,0.00,0.00,0.00,0.00,0.00,NA,45.00,0.5M NaCl,0.50,7.00,Potentiodynamic Polarization,NA,NA,NA,NA,NiCrMo Alloy,44,,
68,0.00,26.52,61.68,11.8,0.00,0.00,0.00,NA,NA,NA,NA,NA,NA,0.00,0.00,0.00,0.00,0.00,0.00,0.00,0.00,0.00,0.00,0.00,NA,45.00,0.5M NaCl,0.50,7.00,Potentiodynamic Polarization,NA,NA,NA,NA,NiCrMo Alloy,44,,
69,0.00,18.3,66.67,15.03,0.00,0.00,0.00,NA,NA,NA,NA,NA,NA,0.00,0.00,0.00,0.00,0.00,0.00,0.00,0.00,0.00,0.00,0.00,NA,45.00,0.5M NaCl,0.50,7.00,Potentiodynamic Polarization,NA,NA,NA,NA,NiCrMo Alloy,44,,
70,0.00,28.97,59.12,11.91,0.00,0.00,0.00,NA,NA,NA,NA,NA,NA,0.00,0.00,0.00,0.00,0.00,0.00,0.00,0.00,0.00,0.00,0.00,NA,45.00,0.5M NaCl,0.50,7.00,Potentiodynamic Polarization,0.10,NA,Amorphous,NA,NiCrMo Alloy,44,,
71,0.00,30.31,56.91,12.79,0.00,0.00,0.00,NA,NA,NA,NA,NA,NA,0.00,0.00,0.00,0.00,0.00,0.00,0.00,0.00,0.00,0.00,0.00,NA,45.00,0.5M NaCl,0.50,7.00,Potentiodynamic Polarization,0.10,NA,Amorphous,NA,NiCrMo Alloy,44,,
72,0.00,29.27,56.08,14.64,0.00,0.00,0.00,NA,NA,NA,NA,NA,NA,0.00,0.00,0.00,0.00,0.00,0.00,0.00,0.00,0.00,0.00,0.00,NA,45.00,0.5M NaCl,0.50,7.00,Potentiodynamic Polarization,0.10,NA,Nanocrystalline,NA,NiCrMo Alloy,44,,
73,0.00,9.52,69.41,21.07,0.00,0.00,0.00,NA,NA,NA,NA,NA,NA,0.00,0.00,0.00,0.00,0.00,0.00,0.00,0.00,0.00,0.00,0.00,NA,45.00,0.5M NaCl,0.50,7.00,Potentiodynamic Polarization,0.10,NA,Nanocrystalline,NA,NiCrMo Alloy,44,,
74,0.00,25.5,55.75,18.76,0.00,0.00,0.00,NA,NA,NA,NA,NA,NA,0.00,0.00,0.00,0.00,0.00,0.00,0.00,0.00,0.00,0.00,0.00,NA,45.00,0.5M NaCl,0.50,7.00,Potentiodynamic Polarization,0.10,150 °C for 25 Hrs,Fully Crystalline,NA,NiCrMo Alloy,44,,
75,0.00,19.94,59.14,20.93,0.00,0.00,0.00,NA,NA,NA,NA,NA,NA,0.00,0.00,0.00,0.00,0.00,0.00,0.00,0.00,0.00,0.00,0.00,NA,45.00,0.5M NaCl,0.50,7.00,Potentiodynamic Polarization,0.10,150 °C for 25 Hrs,Fully Crystalline,NA,NiCrMo Alloy,44,,
76,0.00,26.34,54.35,19.3,0.00,0.00,0.00,NA,NA,NA,NA,NA,NA,0.00,0.00,0.00,0.00,0.00,0.00,0.00,0.00,0.00,0.00,0.00,284.2,45.00,0.5M NaCl,0.50,7.00,Potentiodynamic Polarization,0.10,550 °C for1 Hrs,NA,NA,NiCrMo Alloy,44,,
77,0.00,22.03,56.36,21.61,0.00,0.00,0.00,NA,NA,NA,NA,NA,NA,0.00,0.00,0.00,0.00,0.00,0.00,0.00,0.00,0.00,0.00,0.00,NA,45.00,0.5M NaCl,0.50,7.00,Potentiodynamic Polarization,0.10,550 °C for1 Hrs,Amorphous,NA,NiCrMo Alloy,44,,
78,0.00,19.04,57.97,22.98,0.00,0.00,0.00,NA,NA,NA,NA,NA,NA,0.00,0.00,0.00,0.00,0.00,0.00,0.00,0.00,0.00,0.00,0.00,NA,45.00,0.5M NaCl,0.50,7.00,Potentiodynamic Polarization,0.10,NA,Nanocrystalline,NA,NiCrMo Alloy,44,,
79,0.00,20.25,54.4,25.34,0.00,0.00,0.00,NA,NA,NA,NA,NA,NA,0.00,0.00,0.00,0.00,0.00,0.00,0.00,0.00,0.00,0.00,0.00,NA,45.00,0.5M NaCl,0.50,7.00,Potentiodynamic Polarization,0.10,Rapid Solidification by deposition of molten alloys on a cooled wheel,Fully Crystalline,NA,NiCrMo Alloy,44,,
80,0.00,13.31,81.45,5.24,0.00,0.00,0.00,NA,NA,NA,NA,NA,NA,0.00,0.00,0.00,0.00,0.00,0.00,0.00,0.00,0.00,0.00,0.00,-200,60.00,0.5M NaCl,0.50,7.00,Potentiodynamic Polarization,0.10,150 °C for 25 Hrs,Amorphous,NA,NiCrMo Alloy,44,,
81,0.00,20.53,74.55,4.92,0.00,0.00,0.00,NA,NA,NA,NA,NA,NA,0.00,0.00,0.00,0.00,0.00,0.00,0.00,0.00,0.00,0.00,0.00,110.9,60.00,0.5M NaCl,0.50,7.00,Potentiodynamic Polarization,0.10,550 °C for1 Hrs,Nanocrystalline,NA,NiCrMo Alloy,44,,
82,0.00,16.95,74.64,8.41,0.00,0.00,0.00,NA,NA,NA,NA,NA,NA,0.00,0.00,0.00,0.00,0.00,0.00,0.00,0.00,0.00,0.00,0.00,-94.9,60.00,0.5M NaCl,0.50,7.00,Potentiodynamic Polarization,0.10,Rapid Solidification by deposition of molten alloys on a cooled wheel,Fully Crystalline,NA,NiCrMo Alloy,44,,
83,0.00,28.67,65.94,5.38,0.00,0.00,0.00,NA,NA,NA,NA,NA,NA,0.00,0.00,0.00,0.00,0.00,0.00,0.00,0.00,0.00,0.00,0.00,-82,60.00,0.5M NaCl,0.50,7.00,Potentiodynamic Polarization,0.10,150 °C for 25 Hrs,NA,NA,NiCrMo Alloy,44,,
84,0.00,16.75,73.56,9.69,0.00,0.00,0.00,NA,NA,NA,NA,NA,NA,0.00,0.00,0.00,0.00,0.00,0.00,0.00,0.00,0.00,0.00,0.00,-101.3,60.00,0.5M NaCl,0.50,7.00,Potentiodynamic Polarization,0.10,550 °C for1 Hrs,NA,NA,NiCrMo Alloy,44,,
85,0.00,32.02,62.82,5.16,0.00,0.00,0.00,NA,NA,NA,NA,NA,NA,0.00,0.00,0.00,0.00,0.00,0.00,0.00,0.00,0.00,0.00,0.00,-43.4,60.00,0.5M NaCl,0.50,7.00,Potentiodynamic Polarization,0.20,NA,NA,NA,NiCrMo Alloy,44,,
86,0.00,26.63,66.5,6.87,0.00,0.00,0.00,NA,NA,NA,NA,NA,NA,0.00,0.00,0.00,0.00,0.00,0.00,0.00,0.00,0.00,0.00,0.00,33.8,60.00,0.5M NaCl,0.50,7.00,Potentiodynamic Polarization,0.20,NA,NA,NA,NiCrMo Alloy,44,,
87,0.00,13.98,74.36,11.66,0.00,0.00,0.00,NA,NA,NA,NA,NA,NA,0.00,0.00,0.00,0.00,0.00,0.00,0.00,0.00,0.00,0.00,0.00,-114.1,60.00,0.5M NaCl,0.50,7.00,Potentiodynamic Polarization,0.20,NA,NA,NA,NiCrMo Alloy,44,,
88,0.00,10.53,74.44,15.03,0.00,0.00,0.00,NA,NA,NA,NA,NA,NA,0.00,0.00,0.00,0.00,0.00,0.00,0.00,0.00,0.00,0.00,0.00,-11.3,60.00,0.5M NaCl,0.50,7.00,Potentiodynamic Polarization,0.20,NA,NA,NA,NiCrMo Alloy,44,,
89,0.00,13.06,72.04,14.9,0.00,0.00,0.00,NA,NA,NA,NA,NA,NA,0.00,0.00,0.00,0.00,0.00,0.00,0.00,0.00,0.00,0.00,0.00,-30.5,60.00,0.5M NaCl,0.50,7.00,Potentiodynamic Polarization,0.20,NA,NA,NA,NiCrMo Alloy,44,,
90,0.00,22.59,65.14,12.27,0.00,0.00,0.00,NA,NA,NA,NA,NA,NA,0.00,0.00,0.00,0.00,0.00,0.00,0.00,0.00,0.00,0.00,0.00,NA,60.00,0.5M NaCl,0.50,7.00,Potentiodynamic Polarization,0.20,NA,NA,NA,NiCrMo Alloy,44,,
91,0.00,26.52,61.68,11.8,0.00,0.00,0.00,NA,NA,NA,NA,NA,NA,0.00,0.00,0.00,0.00,0.00,0.00,0.00,0.00,0.00,0.00,0.00,NA,60.00,0.5M NaCl,0.50,7.00,Potentiodynamic Polarization,0.20,NA,NA,NA,NiCrMo Alloy,44,,
92,0.00,18.3,66.67,15.03,0.00,0.00,0.00,NA,NA,NA,NA,NA,NA,0.00,0.00,0.00,0.00,0.00,0.00,0.00,0.00,0.00,0.00,0.00,-62.7,60.00,0.5M NaCl,0.50,7.00,Potentiodynamic Polarization,0.20,NA,NA,NA,NiCrMo Alloy,44,,
93,0.00,28.97,59.12,11.91,0.00,0.00,0.00,NA,NA,NA,NA,NA,NA,0.00,0.00,0.00,0.00,0.00,0.00,0.00,0.00,0.00,0.00,0.00,NA,60.00,0.5M NaCl,0.50,7.00,Potentiodynamic Polarization,0.20,NA,NA,NA,NiCrMo Alloy,44,,
94,0.00,30.31,56.91,12.79,0.00,0.00,0.00,NA,NA,NA,NA,NA,NA,0.00,0.00,0.00,0.00,0.00,0.00,0.00,0.00,0.00,0.00,0.00,NA,60.00,0.5M NaCl,0.50,7.00,Potentiodynamic Polarization,0.20,NA,NA,NA,NiCrMo Alloy,44,,
95,0.00,29.27,56.08,14.64,0.00,0.00,0.00,NA,NA,NA,NA,NA,NA,0.00,0.00,0.00,0.00,0.00,0.00,0.00,0.00,0.00,0.00,0.00,NA,60.00,0.5M NaCl,0.50,7.00,Potentiodynamic Polarization,0.20,NA,NA,NA,NiCrMo Alloy,44,,
96,0.00,9.52,69.41,21.07,0.00,0.00,0.00,NA,NA,NA,NA,NA,NA,0.00,0.00,0.00,0.00,0.00,0.00,0.00,0.00,0.00,0.00,0.00,207.4,60.00,0.5M NaCl,0.50,7.00,Potentiodynamic Polarization,0.20,NA,NA,NA,NiCrMo Alloy,44,,
97,0.00,25.5,55.75,18.76,0.00,0.00,0.00,NA,NA,NA,NA,NA,NA,0.00,0.00,0.00,0.00,0.00,0.00,0.00,0.00,0.00,0.00,0.00,NA,60.00,0.5M NaCl,0.50,7.00,Potentiodynamic Polarization,0.20,NA,NA,NA,NiCrMo Alloy,44,,
98,0.00,19.94,59.14,20.93,0.00,0.00,0.00,NA,NA,NA,NA,NA,NA,0.00,0.00,0.00,0.00,0.00,0.00,0.00,0.00,0.00,0.00,0.00,NA,60.00,0.5M NaCl,0.50,7.00,Potentiodynamic Polarization,0.20,NA,NA,NA,NiCrMo Alloy,44,,
99,0.00,26.34,54.35,19.3,0.00,0.00,0.00,NA,NA,NA,NA,NA,NA,0.00,0.00,0.00,0.00,0.00,0.00,0.00,0.00,0.00,0.00,0.00,NA,60.00,0.5M NaCl,0.50,7.00,Potentiodynamic Polarization,0.20,NA,NA,NA,NiCrMo Alloy,44,,
100,0.00,22.03,56.36,21.61,0.00,0.00,0.00,NA,NA,NA,NA,NA,NA,0.00,0.00,0.00,0.00,0.00,0.00,0.00,0.00,0.00,0.00,0.00,NA,60.00,0.5M NaCl,0.50,7.00,Potentiodynamic Polarization,0.20,NA,NA,NA,NiCrMo Alloy,44,,
101,0.00,19.04,57.97,22.98,0.00,0.00,0.00,NA,NA,NA,NA,NA,NA,0.00,0.00,0.00,0.00,0.00,0.00,0.00,0.00,0.00,0.00,0.00,75.6,60.00,0.5M NaCl,0.50,7.00,Potentiodynamic Polarization,0.20,NA,NA,NA,NiCrMo Alloy,44,,
102,0.00,20.25,54.4,25.34,0.00,0.00,0.00,NA,NA,NA,NA,NA,NA,0.00,0.00,0.00,0.00,0.00,0.00,0.00,0.00,0.00,0.00,0.00,600,60.00,0.5M NaCl,0.50,7.00,Potentiodynamic Polarization,0.20,NA,NA,NA,NiCrMo Alloy,44,,
103,0.00,13.31,81.45,5.24,0.00,0.00,0.00,NA,NA,NA,NA,NA,NA,0.00,0.00,0.00,0.00,0.00,0.00,0.00,0.00,0.00,0.00,0.00,-187.8,75.00,0.5M NaCl,0.50,7.00,Potentiodynamic Polarization,0.20,NA,NA,NA,NiCrMo Alloy,44,,
104,0.00,20.53,74.55,4.92,0.00,0.00,0.00,NA,NA,NA,NA,NA,NA,0.00,0.00,0.00,0.00,0.00,0.00,0.00,0.00,0.00,0.00,0.00,-133.4,75.00,0.5M NaCl,0.50,7.00,Potentiodynamic Polarization,NA,NA,NA,NA,NiCrMo Alloy,44,,
105,0.00,16.95,74.64,8.41,0.00,0.00,0.00,NA,NA,NA,NA,NA,NA,0.00,0.00,0.00,0.00,0.00,0.00,0.00,0.00,0.00,0.00,0.00,-186.5,75.00,0.5M NaCl,0.50,7.00,Potentiodynamic Polarization,NA,NA,NA,NA,NiCrMo Alloy,44,,
106,0.00,28.67,65.94,5.38,0.00,0.00,0.00,NA,NA,NA,NA,NA,NA,0.00,0.00,0.00,0.00,0.00,0.00,0.00,0.00,0.00,0.00,0.00,-61.1,75.00,0.5M NaCl,0.50,7.00,Potentiodynamic Polarization,NA,NA,NA,NA,NiCrMo Alloy,44,,
107,0.00,16.75,73.56,9.69,0.00,0.00,0.00,NA,NA,NA,NA,NA,NA,0.00,0.00,0.00,0.00,0.00,0.00,0.00,0.00,0.00,0.00,0.00,-200,75.00,0.5M NaCl,0.50,7.00,Potentiodynamic Polarization,NA,NA,NA,NA,NiCrMo Alloy,44,,
108,0.00,32.02,62.82,5.16,0.00,0.00,0.00,NA,NA,NA,NA,NA,NA,0.00,0.00,0.00,0.00,0.00,0.00,0.00,0.00,0.00,0.00,0.00,40.2,75.00,0.5M NaCl,0.50,7.00,Potentiodynamic Polarization,NA,NA,NA,NA,NiCrMo Alloy,44,,
109,0.00,26.63,66.5,6.87,0.00,0.00,0.00,NA,NA,NA,NA,NA,NA,0.00,0.00,0.00,0.00,0.00,0.00,0.00,0.00,0.00,0.00,0.00,NA,75.00,0.5M NaCl,0.50,7.00,Potentiodynamic Polarization,NA,NA,NA,NA,NiCrMo Alloy,44,,
110,0.00,13.98,74.36,11.66,0.00,0.00,0.00,NA,NA,NA,NA,NA,NA,0.00,0.00,0.00,0.00,0.00,0.00,0.00,0.00,0.00,0.00,0.00,-128.6,75.00,0.5M NaCl,0.50,7.00,Potentiodynamic Polarization,NA,NA,NA,NA,NiCrMo Alloy,44,,
111,0.00,10.53,74.44,15.03,0.00,0.00,0.00,NA,NA,NA,NA,NA,NA,0.00,0.00,0.00,0.00,0.00,0.00,0.00,0.00,0.00,0.00,0.00,-123.8,75.00,0.5M NaCl,0.50,7.00,Potentiodynamic Polarization,NA,NA,NA,NA,NiCrMo Alloy,44,,
112,0.00,13.06,72.04,14.9,0.00,0.00,0.00,NA,NA,NA,NA,NA,NA,0.00,0.00,0.00,0.00,0.00,0.00,0.00,0.00,0.00,0.00,0.00,-3.22,75.00,0.5M NaCl,0.50,7.00,Potentiodynamic Polarization,NA,NA,NA,NA,NiCrMo Alloy,44,,
113,0.00,22.59,65.14,12.27,0.00,0.00,0.00,NA,NA,NA,NA,NA,NA,0.00,0.00,0.00,0.00,0.00,0.00,0.00,0.00,0.00,0.00,0.00,6.43,75.00,0.5M NaCl,0.50,7.00,Potentiodynamic Polarization,NA,NA,NA,NA,NiCrMo Alloy,44,,
114,0.00,26.52,61.68,11.8,0.00,0.00,0.00,NA,NA,NA,NA,NA,NA,0.00,0.00,0.00,0.00,0.00,0.00,0.00,0.00,0.00,0.00,0.00,-12.9,75.00,0.5M NaCl,0.50,7.00,Potentiodynamic Polarization,NA,NA,NA,NA,NiCrMo Alloy,44,,
115,0.00,18.3,66.67,15.03,0.00,0.00,0.00,NA,NA,NA,NA,NA,NA,0.00,0.00,0.00,0.00,0.00,0.00,0.00,0.00,0.00,0.00,0.00,-61.1,75.00,0.5M NaCl,0.50,7.00,Potentiodynamic Polarization,NA,NA,NA,NA,NiCrMo Alloy,44,,
116,0.00,28.97,59.12,11.91,0.00,0.00,0.00,NA,NA,NA,NA,NA,NA,0.00,0.00,0.00,0.00,0.00,0.00,0.00,0.00,0.00,0.00,0.00,NA,75.00,0.5M NaCl,0.50,7.00,Potentiodynamic Polarization,NA,NA,NA,NA,NiCrMo Alloy,44,,
117,0.00,30.31,56.91,12.79,0.00,0.00,0.00,NA,NA,NA,NA,NA,NA,0.00,0.00,0.00,0.00,0.00,0.00,0.00,0.00,0.00,0.00,0.00,NA,75.00,0.5M NaCl,0.50,7.00,Potentiodynamic Polarization,0.20,NA,NA,NA,NiCrMo Alloy,44,,
118,0.00,29.27,56.08,14.64,0.00,0.00,0.00,NA,NA,NA,NA,NA,NA,0.00,0.00,0.00,0.00,0.00,0.00,0.00,0.00,0.00,0.00,0.00,NA,75.00,0.5M NaCl,0.50,7.00,Potentiodynamic Polarization,0.20,NA,NA,NA,NiCrMo Alloy,44,,
119,0.00,9.52,69.41,21.07,0.00,0.00,0.00,NA,NA,NA,NA,NA,NA,0.00,0.00,0.00,0.00,0.00,0.00,0.00,0.00,0.00,0.00,0.00,-65.9,75.00,0.5M NaCl,0.50,7.00,Potentiodynamic Polarization,0.20,NA,NA,NA,NiCrMo Alloy,44,,
120,0.00,25.5,55.75,18.76,0.00,0.00,0.00,NA,NA,NA,NA,NA,NA,0.00,0.00,0.00,0.00,0.00,0.00,0.00,0.00,0.00,0.00,0.00,NA,75.00,0.5M NaCl,0.50,7.00,Potentiodynamic Polarization,0.20,NA,NA,NA,NiCrMo Alloy,44,,
121,0.00,19.94,59.14,20.93,0.00,0.00,0.00,NA,NA,NA,NA,NA,NA,0.00,0.00,0.00,0.00,0.00,0.00,0.00,0.00,0.00,0.00,0.00,NA,75.00,0.5M NaCl,0.50,7.00,Potentiodynamic Polarization,1.00,NA,NA,NA,NiCrMo Alloy,44,,
122,0.00,26.34,54.35,19.3,0.00,0.00,0.00,NA,NA,NA,NA,NA,NA,0.00,0.00,0.00,0.00,0.00,0.00,0.00,0.00,0.00,0.00,0.00,NA,75.00,0.5M NaCl,0.50,7.00,Potentiodynamic Polarization,1.00,NA,NA,NA,NiCrMo Alloy,44,,
123,0.00,22.03,56.36,21.61,0.00,0.00,0.00,NA,NA,NA,NA,NA,NA,0.00,0.00,0.00,0.00,0.00,0.00,0.00,0.00,0.00,0.00,0.00,NA,75.00,0.5M NaCl,0.50,7.00,Potentiodynamic Polarization,1.00,NA,NA,NA,NiCrMo Alloy,44,,
124,0.00,19.04,57.97,22.98,0.00,0.00,0.00,NA,NA,NA,NA,NA,NA,0.00,0.00,0.00,0.00,0.00,0.00,0.00,0.00,0.00,0.00,0.00,-200,75.00,0.5M NaCl,0.50,7.00,Potentiodynamic Polarization,1.00,NA,NA,NA,NiCrMo Alloy,44,,
125,0.00,20.25,54.4,25.34,0.00,0.00,0.00,NA,NA,NA,NA,NA,NA,0.00,0.00,0.00,0.00,0.00,0.00,0.00,0.00,0.00,0.00,0.00,NA,75.00,0.5M NaCl,0.50,7.00,Potentiodynamic Polarization,1.00,NA,NA,NA,NiCrMo Alloy,44,,
126,0.00,13.31,81.45,5.24,0.00,0.00,0.00,NA,NA,NA,NA,NA,NA,0.00,0.00,0.00,0.00,0.00,0.00,0.00,0.00,0.00,0.00,0.00,-200,90.00,0.5M NaCl,0.50,7.00,Potentiodynamic Polarization,0.20,NA,NA,NA,NiCrMo Alloy,44,,
127,0.00,20.53,74.55,4.92,0.00,0.00,0.00,NA,NA,NA,NA,NA,NA,0.00,0.00,0.00,0.00,0.00,0.00,0.00,0.00,0.00,0.00,0.00,-183.9,90.00,0.5M NaCl,0.50,7.00,Potentiodynamic Polarization,0.20,NA,NA,NA,NiCrMo Alloy,44,,
128,0.00,16.95,74.64,8.41,0.00,0.00,0.00,NA,NA,NA,NA,NA,NA,0.00,0.00,0.00,0.00,0.00,0.00,0.00,0.00,0.00,0.00,0.00,-200,90.00,0.5M NaCl,0.50,7.00,Potentiodynamic Polarization,0.20,NA,NA,NA,NiCrMo Alloy,44,,
129,0.00,28.67,65.94,5.38,0.00,0.00,0.00,NA,NA,NA,NA,NA,NA,0.00,0.00,0.00,0.00,0.00,0.00,0.00,0.00,0.00,0.00,0.00,81.7,90.00,0.5M NaCl,0.50,7.00,Potentiodynamic Polarization,0.20,NA,NA,NA,NiCrMo Alloy,44,,
130,0.00,16.75,73.56,9.69,0.00,0.00,0.00,NA,NA,NA,NA,NA,NA,0.00,0.00,0.00,0.00,0.00,0.00,0.00,0.00,0.00,0.00,0.00,-99,90.00,0.5M NaCl,0.50,7.00,Potentiodynamic Polarization,0.20,NA,NA,NA,NiCrMo Alloy,44,,
131,0.00,32.02,62.82,5.16,0.00,0.00,0.00,NA,NA,NA,NA,NA,NA,0.00,0.00,0.00,0.00,0.00,0.00,0.00,0.00,0.00,0.00,0.00,-71.4,90.00,0.5M NaCl,0.50,7.00,Potentiodynamic Polarization,0.20,NA,NA,NA,NiCrMo Alloy,44,,
132,0.00,26.63,66.5,6.87,0.00,0.00,0.00,NA,NA,NA,NA,NA,NA,0.00,0.00,0.00,0.00,0.00,0.00,0.00,0.00,0.00,0.00,0.00,NA,90.00,0.5M NaCl,0.50,7.00,Potentiodynamic Polarization,0.20,NA,NA,NA,NiCrMo Alloy,44,,
133,0.00,13.98,74.36,11.66,0.00,0.00,0.00,NA,NA,NA,NA,NA,NA,0.00,0.00,0.00,0.00,0.00,0.00,0.00,0.00,0.00,0.00,0.00,-168.5,90.00,0.5M NaCl,0.50,7.00,Potentiodynamic Polarization,1.00,NA,NA,NA,NiCrMo Alloy,44,,
134,0.00,10.53,74.44,15.03,0.00,0.00,0.00,NA,NA,NA,NA,NA,NA,0.00,0.00,0.00,0.00,0.00,0.00,0.00,0.00,0.00,0.00,0.00,-149.2,90.00,0.5M NaCl,0.50,7.00,Potentiodynamic Polarization,1.00,NA,NA,NA,NiCrMo Alloy,44,,
135,0.00,13.06,72.04,14.9,0.00,0.00,0.00,NA,NA,NA,NA,NA,NA,0.00,0.00,0.00,0.00,0.00,0.00,0.00,0.00,0.00,0.00,0.00,-62.4,90.00,0.5M NaCl,0.50,7.00,Potentiodynamic Polarization,1.00,NA,NA,NA,NiCrMo Alloy,44,,
136,0.00,22.59,65.14,12.27,0.00,0.00,0.00,NA,NA,NA,NA,NA,NA,0.00,0.00,0.00,0.00,0.00,0.00,0.00,0.00,0.00,0.00,0.00,-192.9,90.00,0.5M NaCl,0.50,7.00,Potentiodynamic Polarization,1.00,NA,NA,NA,NiCrMo Alloy,44,,
137,0.00,26.52,61.68,11.8,0.00,0.00,0.00,NA,NA,NA,NA,NA,NA,0.00,0.00,0.00,0.00,0.00,0.00,0.00,0.00,0.00,0.00,0.00,-200,90.00,0.5M NaCl,0.50,7.00,Potentiodynamic Polarization,1.00,NA,NA,NA,NiCrMo Alloy,44,,
138,0.00,18.3,66.67,15.03,0.00,0.00,0.00,NA,NA,NA,NA,NA,NA,0.00,0.00,0.00,0.00,0.00,0.00,0.00,0.00,0.00,0.00,0.00,0.64,90.00,0.5M NaCl,0.50,7.00,Potentiodynamic Polarization,1.00,NA,NA,NA,NiCrMo Alloy,44,,
139,0.00,28.97,59.12,11.91,0.00,0.00,0.00,NA,NA,NA,NA,NA,NA,0.00,0.00,0.00,0.00,0.00,0.00,0.00,0.00,0.00,0.00,0.00,NA,90.00,0.5M NaCl,0.50,7.00,Potentiodynamic Polarization,0.20,NA,NA,NA,NiCrMo Alloy,44,,
140,0.00,30.31,56.91,12.79,0.00,0.00,0.00,NA,NA,NA,NA,NA,NA,0.00,0.00,0.00,0.00,0.00,0.00,0.00,0.00,0.00,0.00,0.00,NA,90.00,0.5M NaCl,0.50,7.00,Potentiodynamic Polarization,0.20,NA,NA,NA,NiCrMo Alloy,44,,
141,0.00,29.27,56.08,14.64,0.00,0.00,0.00,NA,NA,NA,NA,NA,NA,0.00,0.00,0.00,0.00,0.00,0.00,0.00,0.00,0.00,0.00,0.00,149.2,90.00,0.5M NaCl,0.50,7.00,Potentiodynamic Polarization,0.20,NA,NA,NA,NiCrMo Alloy,44,,
142,0.00,9.52,69.41,21.07,0.00,0.00,0.00,NA,NA,NA,NA,NA,NA,0.00,0.00,0.00,0.00,0.00,0.00,0.00,0.00,0.00,0.00,0.00,-200,90.00,0.5M NaCl,0.50,7.00,Potentiodynamic Polarization,1.00,NA,NA,NA,NiCrMo Alloy,44,,
143,0.00,25.5,55.75,18.76,0.00,0.00,0.00,NA,NA,NA,NA,NA,NA,0.00,0.00,0.00,0.00,0.00,0.00,0.00,0.00,0.00,0.00,0.00,NA,90.00,0.5M NaCl,0.50,7.00,Potentiodynamic Polarization,1.00,NA,NA,NA,NiCrMo Alloy,44,,
144,0.00,19.94,59.14,20.93,0.00,0.00,0.00,NA,NA,NA,NA,NA,NA,0.00,0.00,0.00,0.00,0.00,0.00,0.00,0.00,0.00,0.00,0.00,NA,90.00,0.5M NaCl,0.50,7.00,Potentiodynamic Polarization,1.00,NA,NA,NA,NiCrMo Alloy,44,,
145,0.00,26.34,54.35,19.3,0.00,0.00,0.00,NA,NA,NA,NA,NA,NA,0.00,0.00,0.00,0.00,0.00,0.00,0.00,0.00,0.00,0.00,0.00,-200,90.00,0.5M NaCl,0.50,7.00,Potentiodynamic Polarization,1.00,NA,NA,NA,NiCrMo Alloy,44,,
146,0.00,22.03,56.36,21.61,0.00,0.00,0.00,NA,NA,NA,NA,NA,NA,0.00,0.00,0.00,0.00,0.00,0.00,0.00,0.00,0.00,0.00,0.00,NA,90.00,0.5M NaCl,0.50,7.00,Potentiodynamic Polarization,1.00,NA,NA,NA,NiCrMo Alloy,44,,
147,0.00,19.04,57.97,22.98,0.00,0.00,0.00,NA,NA,NA,NA,NA,NA,0.00,0.00,0.00,0.00,0.00,0.00,0.00,0.00,0.00,0.00,0.00,-200,90.00,0.5M NaCl,0.50,7.00,Potentiodynamic Polarization,1.00,NA,NA,NA,NiCrMo Alloy,44,,
148,0.00,20.25,54.4,25.34,0.00,0.00,0.00,NA,NA,NA,NA,NA,NA,0.00,0.00,0.00,0.00,0.00,0.00,0.00,0.00,0.00,0.00,0.00,NA,90.00,0.5M NaCl,0.50,7.00,Potentiodynamic Polarization,1.00,NA,Polycrystalline,NA,NiCrMo Alloy,44,,
149,0.00,0.00,0.00,0.00,0.00,0.00,0.00,NA,NA,NA,NA,NA,NA,100.00,0.00,0.00,0.00,0.00,0.00,0.00,0.00,0.00,0.00,0.00,-806,25,0.6M NaCl Deaerated N2,0.60,7.00,"Potentiodynamic Polarization in a three electrode flat cell, prior to anodic sweep OCP measured for 1 hr",1.00,NA,NA,NA,Al Alloy,56,,
150,0.00,0.00,0.00,0.00,0.00,0.00,0.00,NA,NA,NA,NA,NA,NA,100.00,0.00,0.00,0.00,0.00,0.00,0.00,0.00,0.00,0.00,0.00,-754,25,0.6M NaCl Deaerated N2,0.60,7.00,"Potentiodynamic Polarization in a three electrode flat cell, prior to anodic sweep OCP measured for 1 hr",0.10,NA,NA,NA,Al Alloy,56,,
151,0.00,0.00,15.76,0.00,0.00,0.00,0.00,NA,NA,NA,NA,NA,NA,72.44,0.00,0.00,0.00,0.00,0.00,0.00,0.00,0.00,11.80,0.00,-358,25,0.6M NaCl Deaerated N2,0.60,7.00,"Potentiodynamic Polarization in a three electrode flat cell, prior to anodic sweep OCP measured for 1 hr",0.10,NA,NA,NA,Al Alloy,56,,
152,7.99,0.00,0.00,0.00,0.00,0.00,0.00,NA,NA,NA,NA,NA,NA,69.50,0.00,0.00,0.00,0.00,0.00,0.00,0.00,0.00,0.00,22.50,-304,25,0.6M NaCl Deaerated N2,0.60,7.00,"Potentiodynamic Polarization in a three electrode flat cell, prior to anodic sweep OCP measured for 1 hr",0.10,NA,NA,NA,Al Alloy,56,,
153,0.00,0.00,15.76,0.00,0.00,0.00,0.00,NA,NA,NA,NA,NA,NA,72.44,0.00,0.00,0.00,0.00,0.00,0.00,0.00,0.00,11.80,0.00,-371,25,0.6M NaCl Deaerated N2,0.60,7.00,"Potentiodynamic Polarization in a three electrode flat cell, prior to anodic sweep OCP measured for 1 hr",0.10,NA,NA,NA,Al Alloy,56,,
154,7.99,0.00,0.00,0.00,0.00,0.00,0.00,NA,NA,NA,NA,NA,NA,69.50,0.00,0.00,0.00,0.00,0.00,0.00,0.00,0.00,0.00,22.50,-334,25,0.6M NaCl Deaerated N2,0.60,7.00,"Potentiodynamic Polarization in a three electrode flat cell, prior to anodic sweep OCP measured for 1 hr",0.10,NA,NA,NA,Al Alloy,56,,
155,0.00,0.00,15.76,0.00,0.00,0.00,0.00,NA,NA,NA,NA,NA,NA,72.44,0.00,0.00,0.00,0.00,0.00,0.00,0.00,0.00,11.80,0.00,-760,25,0.6M NaCl Deaerated N2,0.60,7.00,"Potentiodynamic Polarization in a three electrode flat cell, prior to anodic sweep OCP measured for 1 hr",0.10,NA,NA,NA,Al Alloy,56,,
156,5.00,0.00,0.00,0.00,0.00,0.00,0.00,NA,NA,NA,NA,NA,NA,90.00,0.00,0.00,0.00,0.00,0.00,0.00,0.00,0.00,0.00,5.00,-798,25,0.6M NaCl Deaerated N2,0.60,7.00,"Potentiodynamic Polarization in a three electrode flat cell, prior to anodic sweep OCP measured for 1 hr",0.10,NA,NA,NA,Al Alloy,56,,
157,0.00,0.00,0.00,0.00,0.00,0.00,0.00,NA,NA,NA,NA,NA,NA,100.00,0.00,0.00,0.00,0.00,0.00,0.00,0.00,0.00,0.00,0.00,-754,25,0.6M NaCl Deaerated N2 pH 5.9,0.60,5.90,"Potentiodynamic Polarization in a three electrode flat cell, prior to anodic sweep OCP measured for 1 hr",0.10,NA,NA,NA,Al Alloy,60,,
158,7.99,0.00,0.00,0.00,0.00,0.00,0.00,NA,NA,NA,NA,NA,NA,69.50,0.00,0.00,0.00,0.00,0.00,0.00,0.00,0.00,0.00,22.50,-304,25,0.6M NaCl Deaerated N2 pH 5.9,0.60,5.90,"Potentiodynamic Polarization in a three electrode flat cell, prior to anodic sweep OCP measured for 1 hr",0.10,NA,NA,NA,Al Alloy,60,,
159,7.99,0.00,0.00,0.00,0.00,0.00,0.00,NA,NA,NA,NA,NA,NA,69.50,0.00,0.00,0.00,0.00,0.00,0.00,0.00,0.00,0.00,22.50,-334,25,0.6M NaCl Deaerated N2 pH 5.9,0.60,5.90,"Potentiodynamic Polarization in a three electrode flat cell, prior to anodic sweep OCP measured for 1 hr",0.10,NA,NA,NA,Al Alloy,60,,
160,7.99,0.00,0.00,0.00,0.00,0.00,0.00,NA,NA,NA,NA,NA,NA,69.50,0.00,0.00,0.00,0.00,0.00,0.00,0.00,0.00,0.00,22.50,-798,25,0.6M NaCl Deaerated N2 pH 5.9,0.60,5.90,"Potentiodynamic Polarization in a three electrode flat cell, prior to anodic sweep OCP measured for 1 hr",0.10,NA,NA,NA,Al Alloy,60,,
161,0.00,0.00,15.76,0.00,0.00,0.00,0.00,NA,NA,NA,NA,NA,NA,72.44,0.00,0.00,0.00,0.00,0.00,0.00,0.00,0.00,11.80,0.00,-358,25,0.6M NaCl Deaerated N2 pH 5.9,0.60,5.90,"Potentiodynamic Polarization in a three electrode flat cell, prior to anodic sweep OCP measured for 1 hr",0.10,NA,NA,NA,Al Alloy,60,,
162,0.00,0.00,15.76,0.00,0.00,0.00,0.00,NA,NA,NA,NA,NA,NA,72.44,0.00,0.00,0.00,0.00,0.00,0.00,0.00,0.00,11.80,0.00,-371,25,0.6M NaCl Deaerated N2 pH 5.9,0.60,5.90,"Potentiodynamic Polarization in a three electrode flat cell, prior to anodic sweep OCP measured for 1 hr",0.10,NA,NA,NA,Al Alloy,60,,
163,0.00,0.00,15.76,0.00,0.00,0.00,0.00,NA,NA,NA,NA,NA,NA,72.44,0.00,0.00,0.00,0.00,0.00,0.00,0.00,0.00,11.80,0.00,-760,25,0.6M NaCl Deaerated N2 pH 5.9,0.60,5.90,"Potentiodynamic Polarization in a three electrode flat cell, prior to anodic sweep OCP measured for 1 hr",0.10,NA,NA,NA,Al Alloy,60,,
164,0.00,0.00,0.00,0.00,0.00,0.00,0.00,NA,NA,NA,NA,NA,NA,100.00,0.00,0.00,0.00,0.00,0.00,0.00,0.00,0.00,0.00,0.00,-750,25,0.1M NaCl,0.10,7.00,Potentiodynamic Polarzation until a stable pit formed then Potentiostatic Polarization at pitting potential to monitior pit growth,1.00,NA,NA,NA,Al Alloy,80,,
165,0.00,0.00,0.00,0.00,0.00,0.00,15.34,NA,NA,NA,NA,NA,NA,84.66,0.00,0.00,0.00,0.00,0.00,0.00,0.00,0.00,0.00,0.00,-250,25,0.1M NaCl,0.10,7.00,Potentiodynamic Polarzation until a stable pit formed then Potentiostatic Polarization at pitting potential to monitior pit growth,1.00,NA,NA,NA,Al Alloy,80,,
166,0.00,0.00,0.00,0.00,0.00,0.00,37.80,NA,NA,NA,NA,NA,NA,62.20,0.00,0.00,0.00,0.00,0.00,0.00,0.00,0.00,0.00,0.00,200,25,0.1M NaCl,0.10,7.00,Potentiodynamic Polarzation until a stable pit formed then Potentiostatic Polarization at pitting potential to monitior pit growth,1.00,NA,NA,NA,Al Alloy,80,,
167,0.00,0.00,0.00,0.00,0.00,0.00,54.75,NA,NA,NA,NA,NA,NA,45.25,0.00,0.00,0.00,0.00,0.00,0.00,0.00,0.00,0.00,0.00,400,25,0.1M NaCl,0.10,7.00,Potentiodynamic Polarzation until a stable pit formed then Potentiostatic Polarization at pitting potential to monitior pit growth,1.00,NA,NA,NA,Al Alloy,80,,
168,0.00,9.21,0.00,0.00,0.00,0.00,0.00,NA,NA,NA,NA,NA,NA,90.79,0.00,0.00,0.00,0.00,0.00,0.00,0.00,0.00,0.00,0.00,-225,25,0.1M NaCl,0.10,7.00,Potentiodynamic Polarzation until a stable pit formed then Potentiostatic Polarization at pitting potential to monitior pit growth,1.00,NA,NA,NA,Al Alloy,80,,
169,0.00,0.00,0.00,0.00,0.00,0.00,0.00,NA,NA,NA,NA,NA,NA,100.00,0.00,0.00,0.00,0.00,0.00,0.00,0.00,0.00,0.00,0.00,-742,25,0.6M NaCl Deaerated N2 pH 6,0.60,6.00,"Potentiodynamic Polarization in a three electrode flat cell, prior to anodic sweep OCP measured for 1 hr",0.10,NA,NA,NA,Al Alloy,55,,
170,0.00,0.00,0.00,0.00,0.00,0.00,0.00,NA,NA,NA,NA,NA,NA,74.46,0.00,0.00,0.00,12.89,0.00,12.65,0.00,0.00,0.00,0.00,-307,25,0.6M NaCl Deaerated N2 pH 6,0.60,6.00,"Potentiodynamic Polarization in a three electrode flat cell, prior to anodic sweep OCP measured for 1 hr",0.10,NA,NA,NA,Al Alloy,55,,
171,0.00,0.00,0.00,0.00,0.00,0.00,0.00,NA,NA,NA,NA,NA,NA,67.79,0.00,0.00,0.00,17.40,0.00,14.81,0.00,0.00,0.00,0.00,-346,25,0.6M NaCl Deaerated N2 pH 6,0.60,6.00,"Potentiodynamic Polarization in a three electrode flat cell, prior to anodic sweep OCP measured for 1 hr",0.10,NA,NA,NA,Al Alloy,55,,
172,0.00,0.00,0.00,0.00,0.00,0.00,0.00,NA,NA,NA,NA,NA,NA,65.19,0.00,0.00,0.00,23.35,0.00,11.46,0.00,0.00,0.00,0.00,-317,25,0.6M NaCl Deaerated N2 pH 6,0.60,6.00,"Potentiodynamic Polarization in a three electrode flat cell, prior to anodic sweep OCP measured for 1 hr",0.10,NA,NA,NA,Al Alloy,55,,
173,0.00,0.00,0.00,0.00,0.00,0.00,0.00,NA,NA,NA,NA,NA,NA,66.00,0.00,0.00,0.00,23.00,0.00,11.00,0.00,0.00,0.00,0.00,-716,25,0.6M NaCl Deaerated N2 pH 6,0.60,6.00,"Potentiodynamic Polarization in a three electrode flat cell, prior to anodic sweep OCP measured for 1 hr",0.10,NA,NA,NA,Al Alloy,55,,
174,7.99,0.00,0.00,0.00,0.00,0.00,0.00,NA,NA,NA,NA,NA,NA,69.50,0.00,0.00,0.00,0.00,0.00,0.00,0.00,0.00,0.00,22.50,-300,25,0.6M NaCl Deaerated N2 ,0.60,7.00,"Potentiodynamic Polarization in a three electrode flat cell, prior to anodic sweep OCP measured for 1 hr",0.10,NA,NA,NA,Al Alloy,32,,
175,7.99,0.00,0.00,0.00,0.00,0.00,0.00,NA,NA,NA,NA,NA,NA,69.50,0.00,0.00,0.00,0.00,0.00,0.00,0.00,0.00,0.00,22.50,-310,25,0.6M NaCl Deaerated N2 ,0.60,7.00,"Potentiodynamic Polarization in a three electrode flat cell, prior to anodic sweep OCP measured for 1 hr",0.10,NA,NA,NA,Al Alloy,32,,
176,7.99,0.00,0.00,0.00,0.00,0.00,0.00,NA,NA,NA,NA,NA,NA,69.50,0.00,0.00,0.00,0.00,0.00,0.00,0.00,0.00,0.00,22.50,-320,25,0.6M NaCl Deaerated N2,0.60,7.00,"Potentiodynamic Polarization in a three electrode flat cell, prior to anodic sweep OCP measured for 1 hr",0.10,NA,NA,NA,Al Alloy,32,,
177,7.99,0.00,0.00,0.00,0.00,0.00,0.00,NA,NA,NA,NA,NA,NA,69.50,0.00,0.00,0.00,0.00,0.00,0.00,0.00,0.00,0.00,22.50,-295,25,0.6M NaCl Deaerated N2,0.60,7.00,"Potentiodynamic Polarization in a three electrode flat cell, prior to anodic sweep OCP measured for 1 hr",0.10,NA,NA,NA,Al Alloy,32,,
178,7.99,0.00,0.00,0.00,0.00,0.00,0.00,NA,NA,NA,NA,NA,NA,69.50,0.00,0.00,0.00,0.00,0.00,0.00,0.00,0.00,0.00,22.50,-350,25,0.6M NaCl Deaerated N2,0.60,7.00,"Potentiodynamic Polarization in a three electrode flat cell, prior to anodic sweep OCP measured for 1 hr",0.10,NA,NA,NA,Al Alloy,32,,
179,7.99,0.00,0.00,0.00,0.00,0.00,0.00,NA,NA,NA,NA,NA,NA,69.50,0.00,0.00,0.00,0.00,0.00,0.00,0.00,0.00,0.00,22.50,-800,25,0.6M NaCl Deaerated N2,0.60,7.00,"Potentiodynamic Polarization in a three electrode flat cell, prior to anodic sweep OCP measured for 1 hr",0.10,NA,NA,NA,Al Alloy,32,,
180,0.00,0.00,0.00,0.00,0.00,0.00,0.00,NA,NA,NA,NA,NA,NA,67.72,0.00,0.00,0.00,27.35,0.00,4.93,0.00,0.00,0.00,0.00,-540,25,0.6M NaCl Deaerated N2,0.60,7.00,"Potentiodynamic Polarization in a three electrode flat cell, prior to anodic sweep OCP measured for 1 hr",0.10,NA,NA,NA,Al Alloy,32,,
181,0.00,0.00,0.00,0.00,0.00,0.00,0.00,NA,NA,NA,NA,NA,NA,67.72,0.00,0.00,0.00,27.35,0.00,4.93,0.00,0.00,0.00,0.00,-530,25,0.6M NaCl Deaerated N2,0.60,7.00,"Potentiodynamic Polarization in a three electrode flat cell, prior to anodic sweep OCP measured for 1 hr",0.10,NA,NA,NA,Al Alloy,32,,
182,0.00,0.00,0.00,0.00,0.00,0.00,0.00,NA,NA,NA,NA,NA,NA,67.72,0.00,0.00,0.00,27.35,0.00,4.93,0.00,0.00,0.00,0.00,-530,25,0.6M NaCl Deaerated N2,0.60,7.00,"Potentiodynamic Polarization in a three electrode flat cell, prior to anodic sweep OCP measured for 1 hr",0.10,NA,NA,NA,Al Alloy,32,,
183,0.00,0.00,0.00,0.00,0.00,0.00,0.00,NA,NA,NA,NA,NA,NA,67.72,0.00,0.00,0.00,27.35,0.00,4.93,0.00,0.00,0.00,0.00,-540,25,0.6M NaCl Deaerated N2,0.60,7.00,"Potentiodynamic Polarization in a three electrode flat cell, prior to anodic sweep OCP measured for 1 hr",0.10,NA,NA,NA,Al Alloy,32,,
184,0.00,0.00,0.00,0.00,0.00,0.00,0.00,NA,NA,NA,NA,NA,NA,67.72,0.00,0.00,0.00,27.35,0.00,4.93,0.00,0.00,0.00,0.00,-760,25,0.6M NaCl Deaerated N2,0.60,7.00,"Potentiodynamic Polarization in a three electrode flat cell, prior to anodic sweep OCP measured for 1 hr",0.10,NA,NA,NA,Al Alloy,32,,
185,0.00,0.00,11.10,0.00,0.00,0.00,0.00,NA,NA,NA,NA,NA,NA,63.41,0.00,0.00,0.00,0.00,0.00,0.00,0.00,0.00,0.00,25.49,-398,25,0.6M NaCl Deaerated N2,0.60,7.00,"Potentiodynamic Polarization in a three electrode flat cell, prior to anodic sweep OCP measured for 1 hr",0.10,NA,NA,NA,Al Alloy,32,,
186,0.00,0.00,11.10,0.00,0.00,0.00,0.00,NA,NA,NA,NA,NA,NA,63.41,0.00,0.00,0.00,0.00,0.00,0.00,0.00,0.00,0.00,25.49,-400,25,0.6M NaCl Deaerated N2,0.60,7.00,"Potentiodynamic Polarization in a three electrode flat cell, prior to anodic sweep OCP measured for 1 hr",0.10,NA,NA,NA,Al Alloy,32,,
187,0.00,0.00,11.10,0.00,0.00,0.00,0.00,NA,NA,NA,NA,NA,NA,63.41,0.00,0.00,0.00,0.00,0.00,0.00,0.00,0.00,0.00,25.49,-395,25,0.6M NaCl Deaerated N2,0.60,7.00,"Potentiodynamic Polarization in a three electrode flat cell, prior to anodic sweep OCP measured for 1 hr",0.10,NA,NA,NA,Al Alloy,32,,
188,9.78,0.00,0.00,0.00,0.00,0.00,0.00,NA,NA,NA,NA,NA,NA,58.74,0.00,0.00,0.00,0.00,0.00,0.00,0.00,0.00,0.00,31.48,-550,25,0.6M NaCl Deaerated N2,0.60,7.00,"Potentiodynamic Polarization in a three electrode flat cell, prior to anodic sweep OCP measured for 1 hr",0.10,NA,NA,NA,Al Alloy,32,,
189,9.78,0.00,0.00,0.00,0.00,0.00,0.00,NA,NA,NA,NA,NA,NA,58.74,0.00,0.00,0.00,0.00,0.00,0.00,0.00,0.00,0.00,31.48,-540,25,0.6M NaCl Deaerated N2,0.60,7.00,"Potentiodynamic Polarization in a three electrode flat cell, prior to anodic sweep OCP measured for 1 hr",0.10,NA,NA,NA,Al Alloy,32,,
